msh,明水河,MUT,mingshuihe,msh,1304
lsh,鲁山,LAF,lushan,ls,1219
bql,宝泉岭,BQB,baoquanling,bql,602
ksn,昆山南,KNH,kunshannan,ksn,249
ych,迎春,YYB,yingchun,yc,1929
ysh,云山,KZQ,yunshan,ys,2609
nwu,宁武,NWV,ningwu,nw,1356
sxz,石峡子,SXJ,shixiazi,sxz,1613
yqi,焉耆,YSR,yanqi,yq,2000
lch,临城,UUP,lincheng,lc,2338
hrd,华容东,HPN,huarongdong,hrd,2283
cxn,长兴南,CFH,changxingnan,cxn,676
wzz,魏杖子,WKD,weizhangzi,wzz,1791
zsh,柞水,ZSY,zhashui,zs,2094
ydh,云东海,NAQ,yundonghai,ydh,2590
yxi,阳信,YVK,yangxin,yx,2619
txi,桐乡,TCH,tongxiang,tx,1697
tli,铁岭,TLT,tieling,tl,393
wxi,卫星,WVB,weixing,wx,1775
hsh,衡山,HSQ,hengshan,hs,1002
sft,四方台,STB,sifangtai,sft,1513
qjz,秦家庄,QZV,qinjiazhuang,qjz,1440
bsj,白水江,BSY,baishuijiang,bsj,605
hli,黄陵,ULY,huangling,hl,977
lya,龙岩,LYS,longyan,ly,282
bch,板城,BUP,bancheng,bc,564
nan,宁安,NAB,ningan,na,1320
sji,沈家,OJB,shenjia,sj,1540
pxi,郫县,PWW,pixian,px,1405
wnb,渭南北,WBY,weinanbei,wnb,1756
she,商河,SOK,shanghe,sh,2471
ngd,南宫东,NFP,nangongdong,ngd,1328
hsd,黄石东,OSN,huangshidong,hsd,204
als,阿龙山,ASX,alongshan,als,548
lhe,六合,KLH,liuhe,lh,1171
slh,疏勒河,SHJ,shulehe,slh,1556
lgo,龙沟,LGJ,longgou,lg,1164
lyg,连云港,UIH,lianyungang,lyg,1252
qwt,前苇塘,QWP,qianweitang,qwt,1457
kmx,昆明西,KXM,kunmingxi,kmx,48
fsh,丰顺,FUQ,fengshun,fs,837
hko,湖口,HKG,hukou,hk,970
lch,陆川,LKZ,luchuan,lc,256
xzh,徐州,XCH,xuzhou,xz,456
szh,神州,SRQ,shenzhou,sz,2506
hxl,红兴隆,VHB,hongxinglong,hxl,1020
lzd,兰州东,LVJ,lanzhoudong,lzd,50
lch,隆昌,LCW,longchang,lc,255
bjs,笔架山,BSB,bijiashan,bjs,581
hct,黑冲滩,HCJ,heichongtan,hct,943
zba,招柏,ZBP,zhaobai,zb,2044
yji,盐津,AEW,yanjin,yj,1964
czb,常州北,ESH,changzhoubei,czb,687
nji,宁家,NVT,ningjia,nj,1335
pya,平遥,PYV,pingyao,py,1408
ssh,松树,SFT,songshu,ss,1593
mch,麻城,MCN,macheng,mc,295
qfe,庆丰,QFT,qingfeng,qf,1424
mzi,蒙自,MZM,mengzi,mz,2396
mmx,茂名西,MMZ,maomingxi,mmx,303
mch,渑池,MCF,mianchi,mc,1274
zjn,镇江南,ZEH,zhenjiangnan,zjn,2066
wnn,渭南南,WVY,weinannan,wnn,1760
nhc,南河川,NHJ,nanhechuan,nhc,1333
tdb,田东北,TBZ,tiandongbei,tdb,2511
btd,包头东,BDC,baotoudong,btd,96
gtn,高台南,GAJ,gaotainan,gtn,2244
cyc,朝阳川,CYL,chaoyangchuan,cyc,682
pyi,平邑,PIK,pingyi,py,1409
dqs,对青山,DQB,duiqingshan,dqs,748
jdu,江都,UDH,jiangdu,jd,1051
ysh,榆社,YSV,yushe,ys,2010
dyz,大营镇,DJP,dayingzhen,dyz,791
hyd,衡阳东,HVQ,hengyangdong,hyd,1026
zxi,棕溪,ZOY,zongxi,zx,2100
tmb,图们北,QSL,tumenbei,tmb,1676
hch,珲春,HUL,hunchun,hc,2252
qqe,齐齐哈尔,QHX,qiqihaer,qqhe,341
xch,宣城,ECH,xuancheng,xc,1798
hlu,海伦,HLB,hailun,hl,195
hbd,鹤壁东,HFF,hebidong,hbd,2249
fxn,阜新南,FXD,fuxinnan,fxn,161
cya,长阳,CYN,changyang,cy,2167
sya,三  亚,JUQ,sanya,sya,373
bxh,本溪湖,BHT,benxihu,bxh,613
sta,松桃,MZQ,songtao,st,1598
tha,通海,TAM,tonghai,th,2515
fyu,抚远,FYB,fuyuan,fy,2220
jsh,嘉善,JSH,jiashan,js,1077
xhy,下花园,XYP,xiahuayuan,xhy,1828
jch,泾川,JAJ,jingchuan,jc,2297
cch,长春,CCT,changchun,cc,18
hma,侯马,HMV,houma,hm,196
zji,芷江,ZPQ,zhijiang,zj,2630
tha,棠海,THM,tanghai,th,1659
shz,三汇镇,OZW,sanhuizhen,shz,1530
dht,大禾塘,SOQ,shaodong,dh,720
slu,商洛,OLY,shangluo,sl,1567
yyb,余姚北,CTH,yuyaobei,yyb,2622
sha,上海,SHH,shanghai,sh,10
fna,阜南,FNH,funan,fn,831
zjt,周家屯,ZOD,zhoujiatun,zjt,2067
ftu,冯屯,FTX,fengtun,ft,842
gyi,高邑,GIP,gaoyi,gy,914
yyi,阳邑,ARP,yangyi,yy,2032
lyn,柳园南,LNR,liuyuannan,lyn,2373
lbb,来宾北,UCZ,laibinbei,lbb,2333
qha,琼海,QYQ,qionghai,qh,1427
bta,板塘,NGQ,bantang,bt,2142
hko,汉口,HKN,hankou,hk,191
nto,南头,NOQ,nantou,nt,1355
lfe,陆丰,LLQ,lufeng,lf,2347
dlh,大陆号,DLC,daluhao,dlh,729
wzh,万州,WYW,wanzhou,wz,426
dzh,端州,WZQ,duanzhou,dz,2202
xfa,香坊,XFB,xiangfang,xf,433
kmi,昆明,KMM,kunming,km,47
fya,凤阳,FUH,fengyang,fy,848
ylt,月亮田,YUM,yueliangtian,ylt,1986
gdn,葛店南,GNN,gediannan,gdn,2229
lch,聊城,UCK,liaocheng,lc,1149
xsh,夏石,XIZ,xiashi,xs,1876
qys,庆阳山,QSJ,qingyangshan,qys,1469
lyi,临颍,LNF,linying,ly,1253
mxi,美溪,MEB,meixi,mx,1310
lxi,芦溪,LUG,luxi,lx,1243
hsb,黄山北,NYH,huangshanbei,hsb,2286
dgb,东港北,RGT,donggangbei,dgb,2178
bjn,宝鸡南,BBY,baojinan,bjn,2135
xzh,新肇,XZT,xinzhao,xz,1915
yji,永嘉,URH,yongjia,yj,1962
lch,利川,LCN,lichuan,lc,257
shu,绥化,SHB,suihua,sh,355
cdu,成都,CDW,chengdu,cd,23
dxi,定襄,DXV,dingxiang,dx,777
kya,昆阳,KAM,kunyang,ky,1139
flt,福利屯,FTB,fulitun,flt,829
hzn,杭州南,XHH,hangzhounan,hzn,43
jye,巨野,JYK,juye,jy,1103
szx,石柱县,OSW,shizhuxian,szx,2509
zla,镇赉,ZLT,zhenlai,zl,2073
dwp,低窝铺,DWJ,diwopu,dwp,768
msh,庙山,MSN,miaoshan,ms,2390
lbi,来宾,UBZ,laibin,lb,1143
ctz,长汀镇,CDB,changtingzhen,ctz,113
nzm,南杂木,NZT,nanzamu,nzm,1365
wds,武当山,WRN,wudangshan,wds,1725
bch,白城,BCT,baicheng,bc,86
jzh,晋州,JXP,jinzhou,jz,1116
bpn,北票南,RPD,beipiaonan,bpn,600
wlt,乌兰浩特,WWT,wulanhaote,wlht,415
sxi,始兴,IPQ,shixing,sx,2499
yhe,洋河,GTH,yanghe,yh,2595
lyd,洛阳东,LDF,luoyangdong,lyd,286
dkt,大口屯,DKP,dakoutun,dkt,726
hsw,海石湾,HSO,haishiwan,hsw,1008
sjz,石家庄,SJP,shijiazhuang,sjz,58
xqi,新邱,XQD,xinqiu,xq,1868
hlo,海龙,HIL,hailong,hl,982
wzt,王兆屯,WZB,wangzhaotun,wzt,1789
kdi,宽甸,KDT,kuandian,kd,1125
wtz,王团庄,WZJ,wangtuanzhuang,wtz,1772
gde,广德,GRH,guangde,gd,868
kto,开通,KTT,kaitong,kt,1137
cpl,长坡岭,CPM,changpoling,cpl,659
lyd,凌源东,LDD,lingyuandong,lyd,1251
qmt,前磨头,QMP,qianmotou,qmt,1447
pds,平顶山,PEN,pingdingshan,pds,324
hcu,黄村,HCP,huangcun,hc,944
hbe,鹤北,HMB,hebei,hb,179
wle,万乐,WEB,wanle,wl,1749
wts,五台山,WSV,wutaishan,wts,1771
han,红安,HWN,hongan,ha,931
qth,七台河,QTB,qitaihe,qth,342
dlh,德令哈,DHO,delingha,dlh,728
sfa,绅坊,OLH,shenfang,sf,1511
hgd,横沟桥东,HNN,henggouqiaodong,hgqd,2263
jha,静海,JHP,jinghai,jh,1054
zfd,纸坊东,ZMN,zhifangdong,zfd,2626
dxi,定西,DSJ,dingxi,dx,773
swa,上万,SWP,shangwan,sw,1604
aky,安口窑,AYY,ankouyao,aky,545
dxi,代县,DKV,daixian,dx,776
tzh,天镇,TZV,tianzhen,tz,1709
hzx,惠州西,VXQ,huizhouxi,hzx,1039
ych,雁翅,YAP,yanchi,yc,1941
jta,九台,JTL,jiutai,jt,235
adi,安定,ADP,anding,ad,533
ldn,娄底南,UOQ,loudinan,ldn,2344
xxi,息县,ENN,xixian,xx,1889
asx,鞍山西,AXT,anshanxi,asx,553
mli,庙岭,MLL,miaoling,ml,1291
swu,邵武,SWS,shaowu,sw,370
twe,通渭,TWJ,tongwei,tw,2525
wni,万年,WWG,wannian,wn,1759
xch,许昌,XCF,xuchang,xc,431
aji,安家,AJB,anjia,aj,541
ldy,离堆公园,INW,liduigongyuan,ldgy,2346
dqh,大其拉哈,DQX,daqilaha,dqlh,746
ych,郓城,YPK,yuncheng,yc,1940
zfp,照福铺,ZFM,zhaofupu,zfp,2055
dya,当阳,DYN,dangyang,dy,783
zsz,周水子,ZIT,zhoushuizi,zsz,520
yde,永登,YDJ,yongdeng,yd,1946
jzh,晋中,JZV,jinzhong,jz,2325
wzz,微子镇,WQP,weizizhen,wzz,1790
xyd,咸阳秦都,XOY,xianyangqindu,xyqd,2580
hwa,黑旺,HWK,heiwang,hw,1016
jzh,靖州,JEQ,jingzhou,jz,1113
mmi,茂名,MDQ,maoming,mm,302
wjc,吴家川,WCJ,wujiachuan,wjc,1739
wyu,万源,WYY,wanyuan,wy,425
mcn,渑池南,MNF,mianchinan,mcn,1277
yjx,延吉西,YXL,yanjixi,yjx,2599
gjd,郭家店,GDT,guojiadian,gjd,880
fzd,抚州东,FDG,fuzhoudong,fzd,2221
wch,文昌,WEQ,wenchang,wc,1717
xga,孝感,XGN,xiaogan,xg,1813
pgu,平关,PGM,pingguan,pg,1380
wdh,五道河,WHP,wudaohe,wdh,1722
ssj,三十家,SRD,sanshijia,ssj,1595
lch,龙川,LUQ,longchuan,lc,1146
szh,师庄,SNM,shizhuang,sz,1637
fxi,富县,FEY,fuxian,fx,846
wdg,五道沟,WDL,wudaogou,wdg,1721
tgu,潼关,TGY,tongguan,tg,386
xba,新保安,XAP,xinbaoan,xba,1795
gzx,盖州西,GAT,gaizhouxi,gzx,929
zya,资阳,ZYW,ziyang,zy,523
dfn,大方南,DNE,dafangnan,dfn,2177
dxi,甸心,DXM,dianxin,dx,774
yes,伊尔施,YET,yiershi,yes,470
cdn,成都南,CNW,chengdunan,cdn,22
gtb,广通北,GPM,guangtongbei,gtb,2243
hzd,霍州东,HWV,huozhoudong,hzd,2295
nbo,宁波,NGH,ningbo,nb,311
sla,舒兰,SLL,shulan,sl,358
xbl,西八里,XLP,xibali,xbl,1797
wfa,潍坊,WFK,weifang,wf,1728
lxi,滦县,UXP,luanxian,lx,1246
yks,牙克石,YKX,yakeshi,yks,475
sqi,商丘,SQF,shangqiu,sq,365
hba,黄柏,HBL,huangbai,hb,934
lsh,龙市,LAG,longshi,ls,2367
qyb,祁阳北,QVQ,qiyangbei,qy,1467
mhe,漠河,MVX,mohe,mh,301
zhb,珠海北,ZIQ,zhuhaibei,zhb,509
jhe,蛟河,JHL,jiaohe,jh,223
wji,威箐,WAM,weiqing,wj,1741
lfe,龙丰,KFQ,longfeng,lf,2348
lda,鹿道,LDL,ludao,ld,260
lsg,连山关,LGT,lianshanguan,lsg,1214
mqb,民权北,MIF,minquanbei,mqb,2388
dlx,大连西,GZT,dalianxi,dlx,736
ccn,长春南,CET,changchunnan,ccn,19
qzh,衢州,QEH,quzhou,qz,346
lyo,龙游,LMH,longyou,ly,1255
yzw,羊者窝,AEM,yangzhewo,yzw,2040
syp,三源浦,SYL,sanyuanpu,syp,1623
jnb,建宁县北,JCS,jianningxianbei,jnxb,2306
dyu,都匀,RYW,duyun,dy,147
czu,崇左,CZZ,chongzuo,cz,124
hnd,淮南东,HOH,huainandong,hnd,2279
lch,乐昌,LCQ,lechang,lc,1147
sgk,三关口,OKJ,sanguankou,sgk,1515
sya,三亚,SEQ,sanya,sy,372
dwa,大旺,WWQ,dawang,dw,2193
jls,九郎山,KJQ,jiulangshan,jls,2304
wne,乌奴耳,WRX,wunuer,wne,1757
hsh,黄石,HSN,huangshi,hs,207
pli,平凉,PIJ,pingliang,pl,326
nli,乃林,NLD,nailin,nl,1342
pcd,蒲城东,PEY,puchengdong,pcd,1371
aha,敖汉,YED,aohan,ah,536
lxi,临西,UEP,linxi,lx,281
xyu,祥云,EXM,xiangyun,xy,1907
sxi,泗县,GPH,sixian,sx,2498
gzh,盖州,GXT,gaizhou,gz,926
yts,烟筒山,YSL,yantongshan,yts,2021
fld,风陵渡,FLV,fenglingdu,fld,156
csh,长寿湖,CSE,changshouhu,csh,2161
lfa,廊坊,LJP,langfang,lf,1157
ybs,元宝山,YUD,yuanbaoshan,ybs,1925
ytt,烟筒屯,YUX,yantongtun,ytt,2022
sxb,歙县北,NPH,shexianbei,sxb,2495
qsh,确山,QSN,queshan,qs,1449
tsn,天水南,TIJ,tianshuinan,tsn,2524
tme,天门,TMN,tianmen,tm,1677
hhu,花湖,KHN,huahu,hh,2268
gtz,古田会址,STS,gutianhuizhi,gthz,2245
mgd,明港东,MDN,minggangdong,mgd,2379
wde,文登,WBK,wendeng,wd,1720
bxi,彬县,BXY,binxian,bx,2144
qhe,千河,QUY,qianhe,qh,1429
ytb,鹰潭北,YKG,yingtanbei,ytb,2613
zsh,樟树,ZSG,zhangshu,zs,2096
wyt,瓦窑田,WIM,wayaotian,wyt,1784
qsh,岐山,QAY,qishan,qs,2449
xjk,小金口,NKQ,xiaojinkou,xjk,2566
gju,革居,GEM,geju,gj,2232
ych,运城,YNV,yuncheng,yc,465
qhm,清河门,QHD,qinghemen,qhm,1431
dch,东岔,DCJ,dongcha,dc,2172
hji,红江,HFM,hongjiang,hj,959
qsx,曲水县,QSO,qushuixian,qsx,2451
xni,西宁,XNO,xining,xn,71
llb,兰陵北,COK,lanlingbei,llb,2358
fqi,法启,FQE,faqi,fq,2213
dwk,大武口,DFJ,dawukou,dwk,767
xan,西安,XAY,xian,xa,69
kde,库都尔,KDX,kuduer,kde,1124
qjp,祁家堡,QBT,qijiapu,qjp,1438
hsh,红山,VSB,hongshan,hs,1000
wxq,无锡新区,IFH,wuxixinqu,wxxq,1778
bjb,北京北,VAP,beijingbei,bjb,0
flz,丰乐镇,FZB,fenglezhen,flz,830
pzh,盘州,PAE,panzhou,pz,2435
hjz,花家庄,HJM,huajiazhuang,hjz,967
mqh,马桥河,MQB,maqiaohe,mqh,1301
lji,龙井,LJL,longjing,lj,270
jna,莒南,JOK,junan,jn,1070
wnz,渭南镇,WNJ,weinanzhen,wnz,1761
cyu,长垣,CYF,changyuan,cy,684
bkp,白奎堡,BKB,baikuipu,bkp,584
jde,峻德,JDB,junde,jd,1048
fdo,肥东,FIH,feidong,fd,819
qxy,旗下营,QXC,qixiaying,qxy,1463
gsh,固始,GXN,gushi,gs,169
lji,两家,UJT,liangjia,lj,1183
ydi,尹地,YDM,yindi,yd,1947
nha,宁海,NHH,ninghai,nh,1331
xdm,西大庙,XMP,xidamiao,xdm,1806
zpi,镇平,ZPF,zhenping,zp,2082
sjk,三江口,SKD,sanjiangkou,sjk,1543
wji,午汲,WJP,wuji,wj,1742
hro,华容,HRN,huarong,hr,996
hji,华家,HJT,huajia,hj,964
yga,杨岗,YRB,yanggang,yg,1954
xhz,小河镇,EKY,xiaohezhen,xhz,1829
qxu,清徐,QUV,qingxu,qx,1462
pfa,平房,PFB,pingfang,pf,1378
tys,太阳山,TYJ,taiyangshan,tys,1702
tyy,塔崖驿,TYP,tayayi,tyy,1704
wch,五常,WCB,wuchang,wc,407
hti,和田,VTR,hetian,ht,1013
mqb,闽清北,MBS,minqingbei,mqb,2387
jjg,纪家沟,VJD,jijiagou,jjg,1061
zcd,镇城底,ZDV,zhenchengdi,zcd,506
hkd,海  口东,KEQ,haikoudong,hkd,38
sjx,三江县,SOZ,sanjiangxian,sjx,1548
wsh,武胜,WSE,wusheng,ws,2540
pzh,攀枝花,PRW,panzhihua,pzh,333
cch,长城,CEJ,changcheng,cc,629
szs,石嘴山,QQJ,shizuishan,szs,2508
bya,宾阳,UKZ,binyang,by,2145
cji,岔江,CAM,chajiang,cj,648
gcd,甘草店,GDJ,gancaodian,gcd,863
byl,巴彦高勒,BAC,bayangaole,bygl,619
hjd,贺家店,HJJ,hejiadian,hjd,957
zjn,张家口南,ZMP,zhangjiakounan,zjkn,514
gga,官高,GVP,guangao,gg,873
ylb,宜良北,YSM,yiliangbei,ylb,1977
hme,黄梅,VEH,huangmei,hm,986
lta,轮台,LAR,luntai,lt,1230
xhd,西湖东,WDQ,xihudong,xhd,2562
weh,乌尔旗汗,WHX,wuerqihan,weqh,1727
yci,榆次,YCV,yuci,yc,467
pjb,盘锦北,PBD,panjinbei,pjb,1386
blx,百里峡,AAP,bailixia,blx,595
ptq,葡萄菁,PTW,putaojing,ptq,1400
lsh,溧水,LDH,lishui,ls,2368
gbz,沟帮子,GBD,goubangzi,gbz,862
smn,三门峡南,SCF,sanmenxianan,smxn,1570
nhb,南华北,NHS,nanhuabei,nhb,1332
zgu,赵光,ZGB,zhaoguang,zg,2057
gch,谷城,GCN,gucheng,gc,864
nmu,尼木,NMO,nimu,nm,2411
pzn,平庄南,PND,pingzhuangnan,pzn,1417
zwt,张维屯,ZWB,zhangweitun,zwt,2098
dya,大雁,DYX,dayan,dy,782
ngl,南关岭,NLT,nanguanling,ngl,1329
hch,霍城,SER,huocheng,hc,2251
hhn,怀化南,KAQ,huaihuanan,hhn,2266
xli,小岭,XLB,xiaoling,xl,1845
zda,章党,ZHT,zhangdang,zd,2052
zhm,中华门,VNH,zhonghuamen,zhm,2059
esh,恩施,ESN,enshi,es,153
xya,信阳,XUN,xinyang,xy,449
pti,莆田,PTS,putian,pt,1399
qyu,清远,QBQ,qingyuan,qy,1470
lfn,禄丰南,LQM,lufengnan,lfn,2349
jzz,金杖子,JYD,jinzhangzi,jzz,1120
jxi,莒县,JKK,juxian,jx,1092
ctu,昌图,CTT,changtu,ct,112
lhy,滦河沿,UNP,luanheyan,lhy,1173
njn,南京南,NKH,nanjingnan,njn,55
dji,东津,DKB,dongjin,dj,724
wdi,文地,WNZ,wendi,wd,1723
zhu,昭化,ZHW,zhaohua,zh,2628
elo,二龙,RLD,erlong,el,810
qya,泉阳,QYL,quanyang,qy,1466
sbc,上板城,SBP,shangbancheng,sbc,1490
wwu,五五,WVR,wuwu,ww,1773
tql,天桥岭,TQL,tianqiaoling,tql,1688
wgt,吴官田,WGM,wuguantian,wgt,1735
tjz,统军庄,TZP,tongjunzhuang,tjz,1667
xax,新安县,XAF,xinanxian,xax,1794
cre,崇仁,CRG,chongren,cr,111
qxi,祁县,QXV,qixian,qx,1459
xdj,小得江,EJM,xiaodejiang,xdj,1805
ych,叶城,YER,yecheng,yc,1930
jdz,景德镇,JCG,jingdezhen,jdz,219
jwe,吉文,JWX,jiwen,jw,1090
qlo,青龙,QIB,qinglong,ql,1444
jyu,缙云,JYH,jinyun,jy,1105
msz,茂舍祖,MOM,maoshezu,msz,1308
szd,宿州东,SRH,suzhoudong,szd,1631
sqi,沈丘,SQN,shenqiu,sq,2485
qsy,戚墅堰,QYH,qishuyan,qsy,1452
qjz,前进镇,QEB,qianjinzhen,qjz,340
zzd,卓资东,ZDC,zhuozidong,zzd,2648
gqc,共青城,GAG,gongqingcheng,gqc,896
jdi,井店,JFP,jingdian,jd,1049
ndm,南大庙,NMP,nandamiao,ndm,315
bkt,博克图,BKX,boketu,bkt,92
kjj,康金井,KJB,kangjinjing,kjj,1129
gyu,广元,GYW,guangyuan,gy,172
ndo,宁东,NOJ,ningdong,nd,2403
xlz,兴隆镇,XZB,xinglongzhen,xlz,1851
tha,吐哈,THR,tuha,th,2514
cjp,蔡家坡,CJY,caijiapo,cjp,649
zwo,珠窝,ZOP,zhuwo,zw,2097
fzh,范镇,VZK,fanzhen,fz,858
xwe,宣威,XWM,xuanwei,xw,447
alk,阿拉山口,AKR,alashankou,alsk,78
dan,德安,DAG,dean,da,695
cya,朝阳,CYD,chaoyang,cy,678
tlh,图里河,TEX,tulihe,tlh,1670
mlo,马龙,MGM,malong,ml,1295
tjx,天津西,TXP,tianjinxi,tjx,17
ljl,蔺家楼,ULK,linjialou,ljl,1187
lji,柳江,UQZ,liujiang,lj,2355
wwn,武威南,WWJ,wuweinan,wwn,420
jhu,江华,JHZ,jianghua,jh,1059
bjn,北京南,VNP,beijingnan,bjn,3
gan,广安南,VUW,guangannan,gan,2224
bbu,蚌埠,BBH,bengbu,bb,85
bys,白银市,BNJ,baiyinshi,bys,622
mzb,蒙自北,MBM,mengzibei,mzb,2394
ejn,额济纳,EJC,ejina,ejn,151
bhd,白河东,BIY,baihedong,bhd,572
jrx,句容西,JWH,jurongxi,jrx,2311
mdj,牡丹江,MDB,mudanjiang,mdj,297
ssh,石山,SAD,shishan,ss,1592
yta,源潭,YTQ,yuantan,yt,2019
dyb,大冶北,DBN,dayebei,dyb,2197
czb,滁州北,CUH,chuzhoubei,czb,686
fji,富锦,FIB,fujin,fj,826
dha,东海,DHB,donghai,dh,717
lcd,乐昌东,ILQ,lechangdong,lcd,2337
dzc,大战场,DTJ,dazhanchang,dzc,793
lch,黎城,UCP,licheng,lc,1148
gzj,官字井,GOT,guanzijing,gzj,927
sji,尚家,SJB,shangjia,sj,1538
pan,普安,PAN,puan,pa,2418
eli,二连,RLC,erlian,el,152
syb,松原北,OCT,songyuanbei,syb,2502
bzx,霸州西,FOP,bazhouxi,bzx,2151
fzn,福州南,FYS,fuzhounan,fzn,27
whe,苇河,WHB,weihe,wh,1737
lbi,灵璧,GMH,lingbi,lb,2334
ljd,罗江东,IKW,luojiangdong,ljd,2354
pni,普宁,PEQ,puning,pn,2427
mzh,米脂,MEY,mizhi,mz,1318
pdi,普定,PGW,puding,pd,2423
ycb,永城北,RGH,yongchengbei,ycb,2585
meg,莫尔道嘎,MRX,moerdaoga,medg,298
hbe,淮北,HRH,huaibei,hb,178
ran,瑞安,RAH,ruian,ra,1475
fhu,奉化,FHH,fenghua,fh,825
ctn,长汀南,CNS,changtingnan,ctn,2163
hsh,华山,HSY,huashan,hs,205
ljh,刘家河,LVT,liujiahe,ljh,1177
ysp,野三坡,AIP,yesanpo,ysp,2015
cyc,创业村,CEX,chuangyecun,cyc,681
lzh,拉,LEM,lazha,lz,1268
sjn,石景山南,SRP,shijingshannan,sjsn,1546
tli,通辽,TLD,tongliao,tl,392
spi,四平,SPT,siping,sp,364
dyd,都匀东,KJW,duyundong,dyd,2198
han,淮安南,AMH,huaiannan,han,930
smx,三门峡,SMF,sanmenxia,smx,361
jzu,焦作,JOF,jiaozuo,jz,1118
klu,库伦,KLD,kulun,kl,2328
lad,隆安东,IDZ,longandong,lad,2332
mcp,茅草坪,KPM,maocaoping,mcp,1278
pko,皮口,PUT,pikou,pk,2425
zni,中宁,VNJ,zhongning,zn,2080
zya,枣阳,ZYN,zaoyang,zy,2107
fsc,丰水村,FSJ,fengshuicun,fsc,836
ycb,运城北,ABV,yunchengbei,ycb,2586
nni,南宁,NNZ,nanning,nn,56
mzh,庙庄,MZJ,miaozhuang,mz,1317
wfx,瓦房店西,WXT,wafangdianxi,wfdx,1731
jle,将乐,JLS,jiangle,jl,2302
klq,喀喇其,KQX,kalaqi,klq,1130
hyi,汉阴,HQY,hanyin,hy,1028
nlu,那罗,ULZ,naluo,nl,1344
sdu,十渡,SEP,shidu,sd,1508
zzs,卓资山,ZZC,zhuozishan,zzs,2118
nxi,宁乡,NXQ,ningxiang,nx,1359
sxi,石岘,SXL,shixian,sx,1611
jms,佳木斯,JMB,jiamusi,jms,229
lmd,喇嘛甸,LMX,lamadian,lmd,1200
cxi,磁县,CIP,cixian,cx,672
hex,哈尔滨西,VAB,haerbinxi,hebx,33
hsx,红砂岘,VSJ,hongshaxian,hsx,1010
jxx,绩溪县,JRH,jixixian,jxx,238
sli,石岭,SOL,shiling,sl,1562
dsn,大石头南,DAL,dashitounan,dstn,2190
hhu,怀化,HHQ,huaihua,hh,190
dba,大坝,DBJ,daba,db,697
sdx,三都县,KKW,sanduxian,sdx,2468
hze,菏泽,HIK,heze,hz,210
whb,威海北,WHK,weihaibei,whb,2534
hya,合阳,HAY,heyang,hy,1024
ymo,元谋,YMM,yuanmou,ym,1991
hna,淮南,HAH,huainan,hn,198
ylw,亚龙湾,TWQ,yalongwan,ylw,479
ysh,元氏,YSP,yuanshi,ys,2013
ttu,通途,TUT,tongtu,tt,1693
ssh,韶山,SSQ,shaoshan,ss,367
xlx,兴隆县,EXP,xinglongxian,xlx,440
lhe,柳河,LNL,liuhe,lh,1170
cga,柴岗,CGT,chaigang,cg,634
jbi,靖边,JIY,jingbian,jb,1041
czt,城子坦,CWT,chengzitan,czt,2169
che,柴河,CHB,chaihe,ch,641
dba,大板,DBC,daban,db,698
akt,阿克陶,AER,aketao,akt,544
lhx,漯河西,LBN,luohexi,lhx,2353
ytn,烟台南,YLK,yantainan,ytn,2614
stu,沙沱,SFM,shatuo,st,1603
she,沙河,SHP,shahe,sh,1522
wts,歪头山,WIT,waitoushan,wts,418
yqi,源迁,AQK,yuanqian,yq,2001
yha,余杭,EVH,yuhang,yh,1958
kch,库车,KCR,kuche,kc,1122
sjn,松江南,IMH,songjiangnan,sjn,1545
jzh,荆州,JBN,jingzhou,jz,1114
wln,乌鲁木齐南,WMR,wulumuqinan,wlmqn,67
dli,带岭,DLB,dailing,dl,730
jsh,京山,JCN,jingshan,js,1078
wzh,韦庄,WZY,weizhuang,wz,1787
gzx,广州西,GXQ,guangzhouxi,gzx,30
dlt,独立屯,DTX,dulitun,dlt,733
wld,乌兰哈达,WLC,wulanhada,wlhd,1748
zzh,中寨,ZZM,zhongzhai,zz,2115
xxi,西峡,XIF,xixia,xx,1892
jyu,靖远,JYJ,jingyuan,jy,1106
pjd,潘家店,PDP,panjiadian,pjd,1387
tna,潼南,TVW,tongnan,tn,1683
lch,罗城,VCZ,luocheng,lc,2339
txh,汤逊湖,THN,tangxunhu,txh,2527
lta,黎塘,LTZ,litang,lt,1229
mcb,麻城北,MBN,machengbei,mcb,1273
dli,大林,DLD,dalin,dl,731
gcz,古城镇,GZB,guchengzhen,gcz,867
szd,深圳东,BJQ,shenzhendong,szd,1632
wyu,婺源,WYG,wuyuan,wy,2547
cha,草海,WBW,caohai,ch,640
aji,阿金,AJD,ajin,aj,542
chk,草河口,CKT,caohekou,chk,643
jmb,即墨北,JVK,jimobei,jmb,2305
zyu,镇远,ZUW,zhenyuan,zy,2110
jde,旌德,NSH,jingde,jd,2298
bdd,保定东,BMP,baodingdong,bdd,2131
lhe,漯河,LON,luohe,lh,265
xhu,新化,EHQ,xinhua,xh,1824
tda,通道,TRQ,tongdao,td,1652
ljk,莲江口,LHB,lianjiangkou,ljk,1186
sni,遂宁,NIW,suining,sn,363
gso,果松,GSL,guosong,gs,903
yme,玉门,YXJ,yumen,ym,1989
jnx,济南西,JGK,jinanxi,jnx,46
gyz,公营子,GYD,gongyingzi,gyz,919
qji,綦江,QJW,qijiang,qj,1437
sjt,苏家屯,SXT,sujiatun,sjt,357
bjg,碧鸡关,BJM,bijiguan,bjg,577
yzh,崖州,YUQ,yazhou,yz,502
fya,阜阳,FYH,fuyang,fy,162
dpu,大埔,DPI,dapu,dp,743
gsz,高山子,GSD,gaoshanzi,gsz,904
pyu,平原,PYK,pingyuan,py,1411
sxi,歙县,OVH,shexian,sx,1607
mch,明城,MCL,mingcheng,mc,1275
xmt,下马塘,XAT,xiamatang,xmt,1855
xna,孝南,XNV,xiaonan,xn,1856
yax,永安乡,YNB,yonganxiang,yax,1923
jfe,尖峰,PFQ,jianfeng,jf,2299
xhu,新华,XHB,xinhua,xh,1823
sjn,三江南,SWZ,sanjiangnan,sjn,2474
sso,宿松,OAH,susong,ss,368
shu,四会,AHQ,sihui,sh,2473
hyi,槐荫,IYN,huaiyin,hy,2293
mdu,弥渡,MDF,midu,md,1281
tay,通安驿,TAJ,tonganyi,tay,1644
pzh,邳州,PJH,pizhou,pz,1414
zzn,株洲南,KVQ,zhuzhounan,zzn,2650
wha,威海,WKK,weihai,wh,410
dfe,东丰,DIL,dongfeng,df,712
qji,曲江,QIM,qujiang,qj,2444
rgu,容桂,RUQ,ronggui,rg,1479
jhn,精河南,JIR,jinghenan,jhn,1058
dba,到保,RBT,daobao,db,700
tyx,通远堡西,TST,tongyuanpuxi,typx,2530
ybi,宜宾,YBW,yibin,yb,458
wli,温岭,VHH,wenling,wl,1751
mla,美兰,MHQ,meilan,ml,1287
shs,沙河市,VOP,shaheshi,shs,1525
rpi,饶平,RVQ,raoping,rp,2464
bta,北台,BTT,beitai,bt,95
sbn,上板城南,OBP,shangbanchengnan,sbcn,1492
tyu,汤原,TYB,tangyuan,ty,1703
jxz,夹心子,JXT,jiaxinzi,jxz,1098
jxb,绩溪北,NRH,jixibei,jxb,2314
ylh,运粮河,YEF,yunlianghe,ylh,2601
lla,老莱,LAX,laolai,ll,1192
gan,固安,GFP,guan,ga,859
sml,树木岭,FMQ,shumuling,sml,2481
csh,草市,CSL,caoshi,cs,666
pzh,普者黑,PZM,puzhehei,pzh,2434
dxi,东乡,DXG,dongxiang,dx,775
qsh,前山,QXQ,qianshan,qs,1450
dpu,大堡,DVT,dapu,dp,744
hta,荷塘,KXQ,hetang,ht,2290
fan,福安,FAS,fuan,fa,816
pta,平台,PVT,pingtai,pt,1397
xli,仙林,XPH,xianlin,xl,1849
xsh,小市,XST,xiaoshi,xs,444
yji,延吉,YJL,yanji,yj,473
lzh,六枝,LIW,liuzhi,lz,1264
zch,枝城,ZCN,zhicheng,zc,2047
smx,石门县,OMQ,shimenxian,smx,1572
dzh,东庄,DZV,dongzhuang,dz,799
sya,绥阳,SYB,suiyang,sy,1615
nji,南江,FIW,nanjiang,nj,2408
byi,北营,BIV,beiying,by,618
jpe,经棚,JPC,jingpeng,jp,1073
dhx,德惠西,DXT,dehuixi,dhx,722
xdo,小东,XOD,xiaodong,xd,1808
sjh,沈家河,OJJ,shenjiahe,sjh,1536
qhc,清河城,QYP,qinghecheng,qhc,337
psh,坪上,PSK,pingshang,ps,2430
dwa,东湾,DRJ,dongwan,dw,766
zsh,中山,ZSQ,zhongshan,zs,2093
sfe,双丰,OFB,shuangfeng,sf,1512
swu,孙吴,SKB,sunwu,sw,1605
sha,沙海,SED,shahai,sh,1520
ddx,丹东西,RWT,dandongxi,ddx,2174
xmq,厦门高崎,XBS,xiamengaoqi,xmgq,443
wgo,武功,WGY,wugong,wg,1733
hkd,海口东,HMQ,haikoudong,hkd,39
lhu,绿化,LWJ,lvhua,lh,266
qan,迁安,QQP,qianan,qa,1420
szq,苏州园区,KAH,suzhouyuanqu,szyq,1640
api,安平,APT,anping,ap,79
hyb,合阳北,HTY,heyangbei,hyb,2291
xgu,兴国,EUG,xingguo,xg,435
xxi,新县,XSN,xinxian,xx,1888
lym,洛阳龙门,LLF,luoyanglongmen,lylm,288
jdo,鸡东,JOB,jidong,jd,1050
emh,二密河,RML,ermihe,emh,813
gta,高台,GTJ,gaotai,gt,906
pya,濮阳,PYF,puyang,py,2432
xxd,新乡东,EGF,xinxiangdong,xxd,2576
pan,蓬安,PAW,pengan,pa,1366
aqi,安庆,AQH,anqing,aq,80
sdo,邵东,FIQ,shaodong,sd,2467
nch,南岔,NCB,nancha,nc,312
shy,四合永,OHD,siheyong,shy,1529
sln,石林南,LNM,shilinnan,sln,1563
hzh,杭州,HZH,hangzhou,hz,42
agu,安广,AGT,anguang,ag,535
lsh,梁山,LMK,liangshan,ls,1220
ybl,亚布力,YBB,yabuli,ybl,1924
pbn,平坝南,PBE,pingbanan,pbn,2421
zch,子长,ZHY,zichang,zc,2048
jzh,金寨,JZH,jinzhai,jz,1112
ydu,于都,YDG,yudu,yd,1950
lwx,莱芜西,UXK,laiwuxi,lwx,1239
jbt,金宝屯,JBD,jinbaotun,jbt,1042
dzz,豆张庄,RZP,douzhangzhuang,dzz,805
sya,泗阳,MPH,siyang,sy,2500
cxi,岑溪,CNZ,cenxi,cx,673
sld,什里店,OMP,shilidian,sld,1554
kla,岢岚,KLV,kelan,kl,246
jlh,贾鲁河,JLF,jialuhe,jlh,2303
tji,团结,TIX,tuanjie,tj,1663
sdy,顺德学院,OJQ,shundexueyuan,sdxy,1510
lch,潞城,UTP,lucheng,lc,259
clz,长岭子,CLT,changlingzi,clz,654
mpa,沐滂,MPQ,mupang,mp,1300
lln,柳林南,LKV,liulinnan,lln,273
gsh,光山,GUN,guangshan,gs,2241
cqi,辰清,CQB,chenqing,cq,660
zji,周家,ZOB,zhoujia,zj,2064
xzc,新郑机场,EZF,xinzhengjichang,xzjc,2582
aka,安康,AKY,ankang,ak,75
lzh,柳州,LZZ,liuzhou,lz,293
hji,和静,HJR,hejing,hj,958
cjh,成吉思汗,CJX,chengjisihan,cjsh,647
xya,向阳,XDB,xiangyang,xy,1898
axi,安溪,AXS,anxi,ax,558
dxg,大兴沟,DXL,daxinggou,dxg,771
fjt,范家屯,FTT,fanjiatun,fjt,827
jlb,军粮城北,JMP,junliangchengbei,jlcb,2301
lsh,陵水,LIQ,lingshui,ls,1216
yko,营口,YKT,yingkou,yk,474
dlq,达拉特旗,DIC,dalateqi,dltq,732
zmx,驻马店西,ZLN,zhumadianxi,zmdx,2636
mle,民乐,MBJ,minle,ml,2383
are,安仁,ARG,anren,ar,2124
lyi,老营,LXL,laoying,ly,1254
wwe,无为,IIH,wuwei,ww,2541
zli,枣林,ZIV,zaolin,zl,2074
szq,苏州新区,ITH,suzhouxinqu,szxq,1641
pxb,萍乡北,PBG,pingxiangbei,pxb,2431
zzd,涿州东,ZAP,zhuozhoudong,zzd,2646
nde,宁德,NES,ningde,nd,1326
tyd,太原东,TDV,taiyuandong,tyd,63
gyn,广元南,GAW,guangyuannan,gyn,916
llb,沥林北,KBQ,lilinbei,llb,2360
slx,双流西,IQW,shuangliuxi,slx,2478
pdx,坡底下,PXJ,podixia,pdx,1376
pya,彭阳,PYJ,pengyang,py,1407
jta,景泰,JTJ,jingtai,jt,1088
fzb,抚州北,FBG,fuzhoubei,fzb,855
dgd,东莞东,DMQ,dongguandong,dgd,129
jxi,嘉祥,JUK,jiaxiang,jx,1093
zxi,张辛,ZIP,zhangxin,zx,2104
jsb,金山北,EGH,jinshanbei,jsb,1076
nyu,南峪,NUP,nanyu,ny,1362
jmd,江门东,JWQ,jiangmendong,jmd,1068
xhj,斜河涧,EEP,xiehejian,xhj,1821
sdu,商都,SXC,shangdu,sd,1507
dsh,砀山,DKH,dangshan,ds,752
xfe,西丰,XFT,xifeng,xf,2556
teq,塔尔气,TVX,taerqi,teq,385
ykd,营口东,YGT,yingkoudong,ykd,1974
clh,长临河,FVH,changlinhe,clh,2156
ljd,刘家店,UDT,liujiadian,ljd,1176
snq,苏尼特左旗,ONC,sunitezuoqi,sntzq,2482
jyn,嘉峪关南,JBJ,jiayuguannan,jygn,2319
cya,潮阳,CNQ,chaoyang,cy,2168
gzh,瓜州,GZJ,guazhou,gz,924
ksh,克山,KSB,keshan,ks,1136
hbe,海北,HEB,haibei,hb,935
gli,关林,GLF,guanlin,gl,886
tms,太姥山,TLS,taimushan,tms,1679
hlb,葫芦岛北,HPD,huludaobei,hldb,972
scb,双城北,SBB,shuangchengbei,scb,1494
djc,东京城,DJB,dongjingcheng,djc,134
nlk,尼勒克,NIR,nileke,nlk,1343
kyu,开原,KYT,kaiyuan,ky,251
wji,渭津,WJL,weijin,wj,1743
mla,马兰,MLR,malan,ml,2382
xyd,襄阳东,XWN,xiangyangdong,xyd,1901
tsb,唐山北,FUP,tangshanbei,tsb,397
yws,羊尾哨,YWM,yangweishao,yws,2023
zpu,漳浦,ZCS,zhangpu,zp,2637
alh,阿里河,AHX,alihe,alh,77
qji,全椒,INH,quanjiao,qj,1433
lji,临江,LQL,linjiang,lj,269
cya,春阳,CAL,chunyang,cy,679
zzh,壮志,ZUX,zhuangzhi,zz,2113
qli,渠黎,QLZ,quli,ql,1443
jli,吉林,JLL,jilin,jl,227
sjz,深井子,SWT,shenjingzi,sjz,1553
hax,海安县,HIH,haianxian,hax,932
qdb,祁东北,QRQ,qidongbei,qd,1421
sji,松江,SAH,songjiang,sj,1542
tch,郯城,TZK,tancheng,tc,1649
nji,牛家,NJB,niujia,nj,1337
hrb,怀柔北,HBP,huairoubei,hrb,202
bao,博鳌,BWQ,boao,ba,559
wxi,乌西,WXR,wuxi,wx,422
gyn,巩义南,GYF,gongyinan,gyn,915
zjg,紫荆关,ZYP,zijingguan,zjg,2063
lyu,涞源,LYP,laiyuan,ly,1259
lfe,临汾,LFV,linfen,lf,262
chk,崔黄口,CHP,cuihuangkou,chk,644
hhe,洪河,HPB,honghe,hh,2265
xwq,西乌旗,XWC,xiwuqi,xwq,2573
lxi,林西,LXC,linxi,lx,1245
mli,茂林,MLD,maolin,ml,1292
xpi,西平,XPN,xiping,xp,1861
xhx,新晃西,EWQ,xinhuangxi,xhx,2564
lyi,临沂,LVK,linyi,ly,287
cbb,赤壁北,CIN,chibibei,cbb,627
ctx,昌图西,CPT,changtuxi,ctx,670
qme,祁门,QIH,qimen,qm,1446
hcg,寒葱沟,HKB,hanconggou,hcg,2250
jgq,加格达奇,JGX,jiagedaqi,jgdq,221
jzh,蓟州,JKP,jizhou,jz,243
xch,兴城,XCD,xingcheng,xc,1799
xhe,新和,XIR,xinhe,xh,1819
byi,百宜,FHW,baiyi,by,2147
rdo,如东,RIH,rudong,rd,2461
tzs,天柱山,QWH,tianzhushan,tzs,1711
xxi,西乡,XQY,xixiang,xx,1890
zzb,资中北,WZW,zizhongbei,zzb,2645
mzl,满洲里,MLX,manzhouli,mzl,309
rcb,荣昌北,RQW,rongchangbei,rcb,2459
wzh,温州,RZH,wenzhou,wz,428
hqi,宏庆,HEY,hongqing,hq,994
lyu,涟源,LAQ,lianyuan,ly,1258
gnw,广南卫,GNM,guangnanwei,gnw,893
gze,光泽,GZS,guangze,gz,920
yxx,玉溪西,YXM,yuxixi,yxx,2027
alt,阿勒泰,AUR,aletai,alt,2123
gan,贵安,GAE,guian,ga,2225
hgx,黄冈西,KXN,huanggangxi,hgx,2264
nyz,南阳寨,NYF,nanyangzhai,nyz,2417
cxi,辰溪,CXQ,chenxi,cx,674
ypg,阳平关,YAY,yangpingguan,ypg,482
ssp,三十里堡,SST,sanshilipu,sslp,1596
mwe,麻尾,VAW,mawei,mw,306
yca,羊草,YAB,yangcao,yc,1926
zmt,樟木头,ZOQ,zhangmutou,zmt,2077
hyk,花园口,HYT,huayuankou,hyk,2294
qzs,青州市,QZK,qingzhoushi,qzs,1474
yjj,岳家井,YGJ,yuejiajing,yjj,1968
lhe,临河,LHC,linhe,lh,264
she,松河,SBM,songhe,sh,1521
lli,陆良,LRM,luliang,ll,1194
szh,苏州,SZH,suzhou,sz,378
zjy,朱家窑,ZUJ,zhujiayao,zjy,2070
msh,麻山,MAB,mashan,ms,1305
szh,孙镇,OZY,sunzhen,sz,1634
zzh,漳州,ZUS,zhangzhou,zz,2112
qxi,乾县,QBY,qianxian,qx,2453
xjn,新津南,ITW,xinjinnan,xjn,2567
hya,红彦,VIX,hongyan,hy,1023
mds,磨刀石,MOB,modaoshi,mds,1280
dzh,德州,DZP,dezhou,dz,150
xha,宣汉,XHY,xuanhan,xh,436
gch,恭城,GCZ,gongcheng,gc,2227
jhe,金河,JHX,jinhe,jh,1055
pxi,凭祥,PXZ,pingxiang,px,331
gdi,贵定,GTW,guiding,gd,869
fqu,福泉,VMW,fuquan,fq,835
pti,平田,PTM,pingtian,pt,1398
lxb,莱西北,LBK,laixibei,lxb,2370
ldi,娄底,LDQ,loudi,ld,261
syi,顺义,SOP,shunyi,sy,1621
gyb,贵阳北,KQW,guiyangbei,gyb,2246
qya,祁阳,QWQ,qiyang,qy,2455
jcb,晋城北,JEF,jinchengbei,jcb,1043
glx,桂林西,GEZ,guilinxi,glx,2234
yli,玉林,YLZ,yulin,yl,477
lha,凌海,JID,linghai,lh,1169
nkq,南口前,NKT,nankouqian,nkq,1340
dqi,德清,DRH,deqing,dq,2188
sre,石人,SRL,shiren,sr,1586
hsb,黄石北,KSN,huangshibei,hsb,2285
tpc,太平川,TIT,taipingchuan,tpc,1684
edw,二道湾,RDX,erdaowan,edw,808
ysh,燕山,AOP,yanshan,ys,491
wya,王杨,WYB,wangyang,wy,1781
xlt,新立屯,XLD,xinlitun,xlt,1850
hdo,洪洞,HDV,hongtong,hd,947
ssn,韶山南,INQ,shaoshannan,ssn,2491
ych,禹城,YCK,yucheng,yc,1936
dji,洞井,FWQ,dongjing,dj,2183
alo,安龙,AUZ,anlong,al,547
ltb,龙塘坝,LBM,longtangba,ltb,1232
jou,建瓯,JVS,jianou,jo,1072
xpt,新坪田,XPM,xinpingtian,xpt,1863
lli,龙里,LLW,longli,ll,1195
lze,临泽,LEJ,linze,lz,1261
hko,海口,VUQ,haikou,hk,40
hsh,和硕,VUR,heshuo,hs,2288
ade,安德,ARW,ande,ad,532
hji,涵江,HJS,hanjiang,hj,963
xyj,小月旧,XFM,xiaoyuejiu,xyj,1905
yma,义马,YMF,yima,ym,1987
jzw,旧庄窝,JVP,jiuzhuangwo,jzw,1119
ncb,南充北,NCE,nanchongbei,ncb,2399
sqn,商丘南,SPF,shangqiunan,sqn,1581
dab,大安北,RNT,daanbei,dab,125
xsg,小寺沟,ESP,xiaosigou,xsg,1871
xcd,许昌东,XVF,xuchangdong,xcd,2553
pde,裴德,PDB,peide,pd,1373
sjz,松江镇,OZL,songjiangzhen,sjz,1551
xgz,西岗子,NBB,xigangzi,xgz,1817
sth,索图罕,SHX,suotuhan,sth,1599
nhd,南湖东,NDN,nanhudong,nhd,2406
ada,安达,ADX,anda,ad,531
tzh,天祝,TZJ,tianzhu,tz,1707
gsh,灌水,GST,guanshui,gs,900
nzg,娘子关,NIP,niangziguan,nzg,1363
rji,榕江,RVW,rongjiang,rj,2462
yzh,榆中,IZJ,yuzhong,yz,2623
yga,燕岗,YGW,yangang,yg,471
cxi,苍溪,CXE,cangxi,cx,2166
tre,铜仁,RDQ,tongren,tr,396
gpz,弓棚子,GPT,gongpengzi,gpz,2240
cdd,承德东,CCP,chengdedong,cdd,631
rya,汝阳,RYF,ruyang,ry,1486
sli,双辽,ZJD,shuangliao,sl,1560
wlb,乌兰察布,WPC,wulanchabu,wlcb,2535
xya,襄阳,XFN,xiangyang,xy,451
byn,白音华南,FNC,baiyinhuanan,byhn,2148
zjb,织金北,ZJE,zhijinbei,zjb,2629
mdh,免渡河,MDX,mianduhe,mdh,296
bzh,亳州,BZH,bozhou,bz,102
ysh,玉石,YSJ,yushi,ys,2006
wto,王瞳,WTP,wangtong,wt,1770
byh,背荫河,BYB,beiyinhe,byh,617
ssh,首山,SAT,shoushan,ss,1594
lli,兰棱,LLB,lanling,ll,1197
yxi,攸县,YOG,youxian,yx,2025
lgn,临高南,KGQ,lingaonan,lgn,2351
ran,融安,RAZ,rongan,ra,347
ssb,狮山北,NSQ,shishanbei,ssb,2487
tlb,吐鲁番北,TAR,tulufanbei,tlfb,2521
dzh,定州,DXP,dingzhou,dz,802
nxt,牛心台,NXT,niuxintai,nxt,1361
the,泰和,THG,taihe,th,1661
tan,台安,TID,taian,ta,1643
pgu,盘关,PAM,panguan,pg,1381
ysh,窑上,ASP,yaoshang,ys,2012
yjs,英吉沙,YIR,yingjisha,yjs,1970
zha,珠海,ZHQ,zhuhai,zh,508
yqt,姚千户屯,YQT,yaoqianhutun,yqht,2002
wys,武夷山,WAS,wuyishan,wys,424
lsh,丽水,USH,lishui,ls,1217
xcz,下城子,XCB,xiachengzi,xcz,1802
ybn,亚布力南,YWB,yabulinan,ybln,459
jqu,酒泉,JQJ,jiuquan,jq,232
lda,两当,LDY,liangdang,ld,1151
bto,泊头,BZP,botou,bt,611
tli,亭亮,TIZ,tingliang,tl,1673
yya,余姚,YYH,yuyao,yy,2029
zpi,漳平,ZPS,zhangping,zp,2083
thj,天河街,TEN,tianhejie,thj,2517
nfe,南丰,NFG,nanfeng,nf,2405
ysl,杨树岭,YAD,yangshuling,ysl,2014
sfb,双峰北,NFQ,shuangfengbei,sfb,2470
myu,门源,MYO,menyuan,my,2392
mch,毛陈,MHN,maochen,mc,2378
fha,福海,FHR,fuhai,fh,822
nda,南丹,NDZ,nandan,nd,314
dta,灯塔,DGT,dengta,dt,761
szb,绥中北,SND,suizhongbei,szb,1629
yzh,宜州,YSZ,yizhou,yz,2037
lha,临海,UFH,linhai,lh,1166
lji,丽江,LHM,lijiang,lj,268
bgo,白沟,FEP,baigou,bg,2132
scl,宋城路,SFF,songchenglu,scl,2465
smi,嵩明,SVM,songming,sm,2480
yxi,阳新,YON,yangxin,yx,498
mya,绵阳,MYW,mianyang,my,307
lzh,雷州,UAQ,leizhou,lz,1263
cwu,长武,CWY,changwu,cw,2164
bhe,白河,BEL,baihe,bh,88
zzx,郑州西,XPF,zhengzhouxi,zzx,2120
pwa,普湾,PWT,puwan,pw,1401
yth,伊图里河,YEX,yitulihe,ytlh,495
bqu,白泉,BQL,baiquan,bq,603
lna,陇南,INJ,longnan,ln,2362
tli,铁力,TLB,tieli,tl,1674
dyd,大英东,IAW,dayingdong,dyd,785
pwa,平旺,PWV,pingwang,pw,1402
cqb,重庆北,CUW,chongqingbei,cqb,6
dzh,达州,RXW,dazhou,dz,149
hta,桓台,VTK,huantai,ht,1012
sdw,四道湾,OUD,sidaowan,sdw,1509
pch,平昌,PCE,pingchang,pc,2422
mzh,梅州,MOQ,meizhou,mz,308
npi,南平,NPS,nanping,np,320
sys,双鸭山,SSB,shuangyashan,sys,376
lzh,辽中,LZD,liaozhong,lz,294
bqi,宝清,BUB,baoqing,bq,2138
dyb,丹阳北,EXH,danyangbei,dyb,784
zjj,张家界,DIQ,zhangjiajie,zjj,512
ych,岳池,AWW,yuechi,yc,2589
btd,包头 东,FDC,baotoudong,btd,609
slo,石龙,SLQ,shilong,sl,1564
hrd,怀仁东,HFV,huairendong,hrd,2282
dzn,大足南,FQW,dazunan,dzn,2203
gla,古浪,GLJ,gulang,gl,882
wyu,渭源,WEJ,weiyuan,wy,2548
lsh,灵石,LSV,lingshi,ls,1221
nxb,南翔北,NEH,nanxiangbei,nxb,1358
waz,王安镇,WVP,wanganzhen,waz,1714
sfu,水富,OTW,shuifu,sf,1514
dfh,东方红,DFB,dongfanghong,dfh,128
bdl,八达岭,ILP,badaling,bdl,568
czh,沧州,COP,cangzhou,cz,123
lta,芦台,LTP,lutai,lt,1231
xpn,溆浦南,EMQ,xupunan,xpn,2570
lzn,临泽南,LDJ,linzenan,lzn,2376
dtd,当涂东,OWH,dangtudong,dtd,2191
lpi,梁平,UQW,liangping,lp,1204
fzh,福州,FZS,fuzhou,fz,26
lch,临川,LCG,linchuan,lc,258
xwp,新窝铺,EPD,xinwopu,xwp,1886
mjg,孟家岗,MGB,mengjiagang,mjg,1286
zan,治安,ZAD,zhian,za,2043
bti,坂田,BTQ,bantian,bt,610
hkb,河口北,HBM,hekoubei,hkb,2272
wke,倭肯,WQB,woken,wk,1745
dyu,岱岳,RYV,daiyue,dy,789
tbe,通北,TBB,tongbei,tb,1646
zjw,褚家湾,CWJ,zhujiawan,zjw,2068
thu,通化,THL,tonghua,th,389
lsz,龙山镇,LAS,longshanzhen,lsz,1226
bji,宝鸡,BJY,baoji,bj,90
ysh,偃师,YSF,yanshi,ys,2008
atb,安亭北,ASH,antingbei,atb,555
pli,偏岭,PNT,pianling,pl,1390
zsx,钟山西,ZAZ,zhongshanxi,zsx,2641
qyu,清原,QYT,qingyuan,qy,1471
hda,邯郸,HDP,handan,hd,184
kdo,克东,KOB,kedong,kd,1126
ble,博乐,BOR,bole,bl,587
hsh,黄山,HKH,huangshan,hs,206
nji,南京,NJH,nanjing,nj,54
jzh,金州,JZT,jinzhou,jz,242
ych,阳春,YQQ,yangchun,yc,1933
gqk,甘旗卡,GQD,ganqika,gqk,897
wyb,武义北,WDH,wuyibei,wyb,2544
dsh,东胜,DOC,dongsheng,ds,142
fcn,丰城南,FNG,fengchengnan,fcn,818
lxi,陇县,LXY,longxian,lx,1241
cqi,重庆,CQW,chongqing,cq,7
bjt,八角台,BTD,bajiaotai,bjt,582
lsg,流水沟,USP,liushuigou,lsg,1215
slu,索伦,SNT,suolun,sl,1566
src,石人城,SRB,shirencheng,src,1585
xbc,下板城,EBP,xiabancheng,xbc,1796
shk,沙河口,SKT,shahekou,shk,1523
lyu,凌源,LYD,lingyuan,ly,290
tld,吐列毛杜,TMD,tuliemaodu,tlmd,1669
szb,深圳北,IOQ,shenzhenbei,szb,2505
ltx,骆驼巷,LTJ,luotuoxiang,ltx,1234
rsh,融水,RSZ,rongshui,rs,1482
lqi,临清,UQK,linqing,lq,1209
fqi,福清,FQS,fuqing,fq,834
jch,建昌,JFD,jianchang,jc,1047
nch,南仇,NCK,nanqiu,nc,1323
zla,张兰,ZLV,zhanglan,zl,2072
yan,永安,YAS,yongan,ya,1922
wfd,瓦房店,WDT,wafangdian,wfd,409
tyi,汤阴,TYF,tangyin,ty,1700
spi,遂平,SON,suiping,sp,1578
hld,葫芦岛,HLD,huludao,hld,192
lyu,辽源,LYL,liaoyuan,ly,291
wks,五棵树,WKT,wukeshu,wks,1746
shg,山海关,SHD,shanhaiguan,shg,354
hkn,河口南,HKJ,hekounan,hkn,968
ysh,月山,YBF,yueshan,ys,2005
spd,山坡东,SBN,shanpodong,spd,2483
sgl,桑根达来,OGC,sanggendalai,sgdl,1516
xta,向塘,XTG,xiangtang,xt,446
dyz,大营子,DZD,dayingzi,dyz,792
sde,顺德,ORQ,shunde,sd,1504
ydi,永定,YGS,yongding,yd,1948
ynd,伊宁东,YNR,yiningdong,ynd,1995
csh,长寿,EFW,changshou,cs,663
jya,建阳,JYS,jianyang,jy,1101
dqx,大庆西,RHX,daqingxi,dqx,750
xwx,修武西,EXF,xiuwuxi,xwx,2574
fyu,富裕,FYX,fuyu,fy,854
ych,阳澄湖,AIH,yangchenghu,ych,1928
msh,眉山,MSW,meishan,ms,1306
sqx,石泉县,SXY,shiquanxian,sqx,1583
chd,巢湖东,GUH,chaohudong,chd,2153
fer,发耳,FEM,faer,fe,820
qyi,七营,QYJ,qiying,qy,1468
jxi,泾县,LOH,jingxian,jx,2316
hcx,海城西,HXT,haichengxi,hcx,945
gsk,孤山口,GSP,gushankou,gsk,902
ash,鞍山,AST,anshan,as,82
xcn,西昌南,ENW,xichangnan,xcn,432
ndn,宁东南,NDJ,ningdongnan,ndn,2402
jsj,建三江,JIB,jiansanjiang,jsj,1084
xhu,新晃,XLQ,xinhuang,xh,438
yqb,阳泉北,YPP,yangquanbei,yqb,1998
bla,百浪,BRZ,bailang,bl,586
clg,超梁沟,CYP,chaolianggou,clg,651
sli,绥棱,SIB,suiling,sl,1561
dgu,东光,DGP,dongguang,dg,716
dwz,大湾子,DFM,dawanzi,dwz,770
hyz,黄羊镇,HYJ,huangyangzhen,hyz,1034
han,惠安,HNS,huian,ha,2248
kzh,康庄,KZP,kangzhuang,kz,1142
jsh,吉首,JIQ,jishou,js,234
ezd,鄂州东,EFN,ezhoudong,ezd,2205
czh,常州,CZH,changzhou,cz,120
lxi,临湘,LXQ,linxiang,lx,1242
jqn,酒泉南,JNJ,jiuquannan,jqn,2310
fsk,福山口,FKP,fushankou,fsk,840
gdo,古东,GDV,gudong,gd,871
pet,瓢儿屯,PRT,piaoertun,pet,1377
qli,青莲,QEW,qinglian,ql,2445
cti,长汀,CES,changting,ct,669
fhc,凤凰机场,FJQ,fenghuangjichang,fhjc,155
fsh,繁峙,FSV,fanshi,fs,838
sxi,遂溪,SXZ,suixi,sx,1608
lji,廉江,LJZ,lianjiang,lj,1182
nma,奈曼,NMD,naiman,nm,1346
qxi,青县,QXP,qingxian,qx,1460
syu,三原,SAY,sanyuan,sy,1625
bji,白涧,BAP,baijian,bj,89
yzb,燕子砭,YZY,yanzibian,yzb,2035
bto,包头,BTC,baotou,bt,97
lhu,龙华,LHP,longhua,lh,1172
hji,怀集,FAQ,huaiji,hj,2271
ysh,永寿,ASY,yongshou,ys,2607
tlz,陶赖昭,TPT,taolaizhao,tlz,394
lna,龙南,UNG,longnan,ln,1203
dge,都格,DMM,duge,dg,713
hbi,鹤壁,HAF,hebi,hb,936
xyu,襄垣,EIF,xiangyuan,xy,1908
jnd,济南东,JAK,jinandong,jnd,45
tmt,土牧尔台,TRC,tumuertai,tmet,1680
sna,商南,ONY,shangnan,sn,362
xcy,新绰源,XRX,xinchuoyuan,xcy,1801
dps,大盘石,RPP,dapanshi,dps,742
hji,河津,HJV,hejin,hj,962
jzn,锦州南,JOD,jinzhounan,jzn,1117
ggm,葛根庙,GGT,gegenmiao,ggm,874
bmt,八面通,BMB,bamiantong,bmt,598
csh,长沙,CSQ,changsha,cs,24
tyl,驼腰岭,TIL,tuoyaoling,tyl,1701
qdb,青岛北,QHK,qingdaobei,qdb,2439
wan,文安,WBP,wenan,wa,1712
hli,黄流,KLQ,huangliu,hl,2273
mba,毛坝,MBY,maoba,mb,1271
nnx,南宁西,NXZ,nanningxi,nnx,2413
tch,铁厂,TCL,tiechang,tc,1650
szh,尚志,SZB,shangzhi,sz,1636
cka,茶卡,CVO,chaka,ck,2155
xzd,徐州东,UUH,xuzhoudong,xzd,1912
hhd,呼和浩特东,NDC,huhehaotedong,hhhtd,36
tha,塔哈,THX,taha,th,1658
xtx,仙桃西,XAN,xiantaoxi,xtx,1883
szi,松滋,SIN,songzi,sz,1638
lli,吕梁,LHV,lvliang,ll,271
hna,衡南,HNG,hengnan,hn,2278
whx,乌海西,WXC,wuhaixi,whx,412
xme,厦门,XMS,xiamen,xm,442
ddo,丹东,DUT,dandong,dd,127
dsh,独山,RWW,dushan,ds,753
yjp,于家堡,YKP,yujiapu,yjp,2598
tya,田阳,TRZ,tianyang,ty,1698
yqu,阳曲,YQV,yangqu,yq,2003
dba,德保,RBZ,debao,db,2171
yxi,尤溪,YXS,youxi,yx,2615
czh,长治,CZF,changzhi,cz,122
ysh,颍上,YVH,yingshang,ys,2011
zsd,樟树东,ZOG,zhangshudong,zsd,2091
fcx,繁昌西,PUH,fanchangxi,fcx,2209
eyi,二营,RYJ,erying,ey,814
zjg,朱家沟,ZUB,zhujiagou,zjg,2062
xfx,襄汾西,XTV,xiangfenxi,xfx,2559
squ,水泉,SID,shuiquan,sq,1582
yna,沂南,YNK,yinan,yn,1993
yst,榆树屯,YSX,yushutun,yst,2016
thx,通化县,TXL,tonghuaxian,thx,2518
dzy,大竹园,DZY,dazhuyuan,dzy,803
xjt,许家屯,XJT,xujiatun,xjt,1836
yla,银浪,YJX,yinlang,yl,1975
csq,察素齐,CSC,chasuqi,csq,667
ksh,昆山,KSH,kunshan,ks,1134
eme,峨眉,EMW,emei,em,812
hst,虎石台,HUT,hushitai,hst,1007
ysg,榆树沟,YGP,yushugou,ysg,2004
cpi,常平,DAQ,changping,cp,658
czh,滁州,CXH,chuzhou,cz,688
syi,三营,OEJ,sanying,sy,1620
zzh,郑州,ZZF,zhengzhou,zz,73
dsh,登沙河,DWT,dengshahe,dsh,754
kya,开阳,KVW,kaiyang,ky,2331
gem,格尔木,GRO,geermu,gem,163
yzh,兖州,YZK,yanzhou,yz,2038
wdd,文登东,WGK,wendengdong,wdd,2531
kfb,开封北,KBF,kaifengbei,kfb,2326
thc,天河机场,TJN,tianhejichang,thjc,2516
czh,常庄,CVK,changzhuang,cz,690
dan,大安,RAT,daan,da,696
gji,古交,GJV,gujiao,gj,165
slc,双流机场,IPW,shuangliujichang,sljc,2476
hfw,韩府湾,HXJ,hanfuwan,hfw,950
ssh,狮山,KSQ,shishan,ss,2489
mbg,毛坝关,MGY,maobaguan,mbg,1272
fdi,福鼎,FES,fuding,fd,154
bbu,八步,BBE,babu,bb,2129
jsn,嘉善南,EAH,jiashannan,jsn,1085
qxi,沁县,QVV,qinxian,qx,343
ysh,阳朔,YCZ,yangshuo,ys,2608
dbi,定边,DYJ,dingbian,db,701
bdi,保定,BDP,baoding,bd,566
lzh,来舟,LZS,laizhou,lz,1266
cji,从江,KNW,congjiang,cj,2154
sya,水洋,OYP,shuiyang,sy,1617
sxi,涉县,OEP,shexian,sx,371
jch,鄄城,JCK,juancheng,jc,1045
dzh,东至,DCH,dongzhi,dz,795
aes,阿尔山,ART,aershan,aes,74
tcu,桃村,TCK,taocun,tc,1651
mes,帽儿山,MRB,maoershan,mes,1282
mli,穆棱,MLB,muling,ml,1293
sdo,水洞,SIL,shuidong,sd,1506
zjb,枝江北,ZIN,zhijiangbei,zjb,2060
gcu,高村,GCV,gaocun,gc,866
gnx,广南县,GXM,guangnanxian,gnx,2238
wch,武昌,WCN,wuchang,wc,408
jna,井南,JNP,jingnan,jn,1071
rbu,仁布,RUO,renbu,rb,2458
szh,深圳,SZQ,shenzhen,sz,379
nwz,南湾子,NWP,nanwanzi,nwz,1357
typ,通远堡,TYT,tongyuanpu,typ,402
jgt,金沟屯,VGP,jingoutun,jgt,1053
sqz,石桥子,SQT,shiqiaozi,sqz,1584
sto,汕头,OTQ,shantou,st,369
bsp,白沙铺,BSN,baishapu,bsp,2140
pyp,平原堡,PPJ,pingyuanpu,pyp,1410
dxu,东戌,RXP,dongxu,dx,778
xcz,新城子,XCT,xinchengzi,xcz,1803
elt,二龙山屯,ELA,erlongshantun,elst,811
jnn,集宁南,JAC,jiningnan,jnn,231
zjk,张家口,ZKP,zhangjiakou,zjk,513
gmz,公庙子,GMC,gongmiaozi,gmz,890
wsh,文水,WEV,wenshui,ws,1768
dhq,大红旗,DQD,dahongqi,dhq,719
pgu,平果,PGZ,pingguo,pg,1382
wyu,五原,WYC,wuyuan,wy,1785
dyu,定远,EWH,dingyuan,dy,788
hzh,黄州,VON,huangzhou,hz,1037
gga,贵港,GGZ,guigang,gg,872
sjz,三家寨,SMM,sanjiazhai,sjz,1549
ymi,伊敏,YMX,yimin,ym,2604
hsh,黑水,HOT,heishui,hs,1003
hya,海阳,HYK,haiyang,hy,1025
xli,新李,XLJ,xinli,xl,1846
blg,宝拉格,BQC,baolage,blg,588
wli,五莲,WLK,wulian,wl,1752
yjs,云居寺,AFP,yunjusi,yjs,1971
gli,桂林,GLZ,guilin,gl,168
cpb,昌平北,VBP,changpingbei,cpb,657
yhu,岩会,AEP,yanhui,yh,1960
qdi,七甸,QDM,qidian,qd,1422
hsh,惠山,VCH,huishan,hs,1004
xst,杏树屯,XDT,xingshutun,xst,1879
xta,邢台,XTP,xingtai,xt,1882
yxi,应县,YZV,yingxian,yx,2620
bho,贲红,BVC,benhong,bh,573
tme,图们,TML,tumen,tm,395
mas,马鞍山,MAH,maanshan,mas,1270
nto,南通,NUH,nantong,nt,321
yli,炎陵,YAG,yanling,yl,2602
zjz,曾家坪子,ZBW,zengjiapingzi,zjpz,2071
xqi,新青,XQB,xinqing,xq,1867
gmc,光明城,IMQ,guangmingcheng,gmc,2235
wzh,武陟,WIF,wuzhi,wz,2550
ych,银川,YIJ,yinchuan,yc,72
yta,永泰,YTS,yongtai,yt,2611
lan,六安,UAH,luan,la,252
jhe,精河,JHR,jinghe,jh,1057
mqi,闽清,MQS,minqing,mq,1302
dmx,东明县,DNF,dongmingxian,dmx,739
hna,桦南,HNB,huanan,hn,199
zxq,正镶白旗,ZXC,zhengxiangbaiqi,zxbq,2105
wlq,乌拉特前旗,WQC,wulateqianqi,wltqq,1753
flb,涪陵北,FEW,fulingbei,flb,2211
hrn,华容南,KRN,huarongnan,hrn,2284
cbi,赤壁,CBN,chibi,cb,103
bli,勃利,BLB,boli,bl,592
nhe,讷河,NHX,nehe,nh,317
lqs,龙泉寺,UQJ,longquansi,lqs,1210
zzx,枣庄西,ZFK,zaozhuangxi,zzx,528
xyi,信宜,EEQ,xinyi,xy,1904
gzd,广州东,GGQ,guangzhoudong,gzd,9
hro,怀柔,HRP,huairou,hr,203
zmd,樟木头东,ZRQ,zhangmutoudong,zmtd,2635
hlh,哈拉海,HIT,halahai,hlh,974
xgc,西固城,XUJ,xigucheng,xgc,1814
xdd,新都东,EWW,xindudong,xdd,2555
aax,昂昂溪,AAX,angangxi,aax,529
njb,内江北,NKW,neijiangbei,njb,2407
tzh,台州,TZH,taizhou,tz,1706
lji,罗江,LJW,luojiang,lj,1181
syi,山阴,SNV,shanyin,sy,2503
ych,阳城,YNF,yangcheng,yc,1938
bzd,巴中东,BDE,bazhongdong,bzd,2149
czx,沧州西,CBP,cangzhouxi,czx,694
jqi,江桥,JQX,jiangqiao,jq,1074
xli,新林,XPX,xinlin,xl,1844
sch,舒城,OCH,shucheng,sc,1495
wlo,武隆,WLW,wulong,wl,414
wjw,王家湾,WJJ,wangjiawan,wjw,1744
xyg,小雨谷,XHM,xiaoyugu,xyg,1903
zzh,涿州,ZXP,zhuozhou,zz,2116
hzh,贺州,HXZ,hezhou,hz,211
lsh,罗山,LRN,luoshan,ls,1218
tqi,图强,TQX,tuqiang,tq,1686
mns,玛纳斯,MSR,manasi,mns,2385
dzh,道州,DFZ,daozhou,dz,798
lli,临澧,LWQ,linli,ll,1196
dxb,定西北,DNJ,dingxibei,dxb,2194
ljn,利津南,LNK,lijinnan,ljn,2356
mpi,牟平,MBK,muping,mp,2386
xyx,夏邑县,EJH,xiayixian,xyx,1909
jni,济宁,JIK,jining,jn,230
yna,宜耐,YVM,yinai,yn,1994
jyx,缙云西,PYH,jinyunxi,jyx,2324
dhu,德惠,DHT,dehui,dh,133
dqi,道清,DML,daoqing,dq,747
gxi,贵溪,GXG,guixi,gx,911
kyh,克一河,KHX,keyihe,kyh,1140
jxd,介休东,JDV,jiexiudong,jxd,2315
spa,双牌,SBZ,shuangpai,sp,1576
cgz,成高子,CZB,chenggaozi,cgz,639
hfe,横峰,HFG,hengfeng,hf,949
qti,青田,QVH,qingtian,qt,1453
jfe,嘉峰,JFF,jiafeng,jf,220
yyz,鸳鸯镇,YYJ,yuanyangzhen,yyz,2034
xtb,湘潭北,EDQ,xiangtanbei,xtb,2571
jgs,井冈山,JGG,jinggangshan,jgs,222
myi,米易,MMW,miyi,my,1314
hhe,黑河,HJB,heihe,hh,189
hfn,合肥南,ENH,hefeinan,hfn,2260
slh,舍力虎,VLD,shelihu,slh,1557
ytp,牙屯堡,YTZ,yatunpu,ytp,2020
qji,黔江,QNW,qianjiang,qj,339
ytx,玉田县,ATP,yutianxian,ytx,496
ykn,永康南,QUH,yongkangnan,ykn,2600
yji,永济,YIV,yongji,yj,472
syj,三义井,OYD,sanyijing,syj,1622
wdo,卫东,WVT,weidong,wd,1724
wyi,五营,WWB,wuying,wy,1783
ems,峨眉山,IXW,emeishan,ems,2204
tsh,天水,TSJ,tianshui,ts,401
pdi,偏店,PRP,piandian,pd,1374
zdc,正定机场,ZHP,zhengdingjichang,zdjc,2625
dtu,大屯,DNT,datun,dt,765
wsh,威舍,WSM,weishe,ws,417
bli,巴林,BLX,balin,bl,589
fso,抚松,FSL,fusong,fs,2216
lsh,乐山,IVW,leshan,ls,2366
yji,余江,YHG,yujiang,yj,1965
gta,干塘,GNJ,gantang,gt,171
rzh,日照,RZK,rizhao,rz,350
cya,城阳,CEK,chengyang,cy,680
sgu,韶关,SNQ,shaoguan,sg,1517
zzi,咋子,ZAL,zhazi,zz,2117
hyu,河源,VIQ,heyuan,hy,1031
wyd,武夷山东,WCS,wuyishandong,wysd,2546
jyw,金月湾,PYQ,jinyuewan,jyw,2323
tzd,滕州东,TEK,tengzhoudong,tzd,1705
lfb,廊坊北,LFP,langfangbei,lfb,1159
xnd,咸宁东,XKN,xianningdong,xnd,2568
hto,会同,VTQ,huitong,ht,1014
ats,阿图什,ATR,atushi,ats,556
yfn,永福南,YBZ,yongfunan,yfn,2593
tgu,太谷,TGV,taigu,tg,1657
mle,弥勒,MLM,mile,ml,2384
smx,三门峡西,SXF,sanmenxiaxi,smxx,1573
dys,大杨树,DUX,dayangshu,dys,146
hdz,横道河子,HDB,hengdaohezi,hdhz,185
lji,连江,LKS,lianjiang,lj,1178
ych,伊春,YCB,yichun,yc,466
dxz,东辛庄,DXD,dongxinzhuang,dxz,779
hnh,黄泥河,HHL,huangnihe,hnh,988
czw,车转湾,CWM,chezhuanwan,czw,692
jzd,焦作东,WEF,jiaozuodong,jzd,1111
tlf,吐鲁番,TFR,tulufan,tlf,391
sjd,三家店,ODP,sanjiadian,sjd,1534
xxz,小西庄,XXP,xiaoxizhuang,xxz,1897
lwa,李旺,VLJ,liwang,lw,1235
aqx,安庆西,APH,anqingxi,aqx,552
hzh,霍州,HZV,huozhou,hz,1038
lkn,兰考南,LUF,lankaonan,lkn,2357
zgo,自贡,ZGW,zigong,zg,507
blk,布列开,BLR,buliekai,blk,593
xwe,徐闻,XJQ,xuwen,xw,1885
bbe,北碚,BPW,beibei,bb,560
tli,田林,TFZ,tianlin,tl,1672
hsp,红寺堡,HSJ,hongsipu,hsp,1006
dtu,丹徒,RUH,dantu,dt,764
fzh,凤州,FZY,fengzhou,fz,856
wzb,万州北,WZE,wanzhoubei,wzb,2549
lya,耒阳,LYQ,leiyang,ly,283
xya,咸阳,XYY,xianyang,xy,450
hnx,海宁西,EUH,hainingxi,hnx,200
cde,常德,VGQ,changde,cd,104
tla,泰来,TLX,tailai,tl,390
dzd,定州东,DOP,dingzhoudong,dzd,2201
nbu,南部,NBE,nanbu,nb,2397
llo,卢龙,UAP,lulong,ll,1199
zye,张掖,ZYJ,zhangye,zy,2109
fsh,佛山,FSQ,foshan,fs,160
qls,青龙山,QGH,qinglongshan,qls,1445
wlt,卧里屯,WLX,wolitun,wlt,1755
bsx,白水县,BGY,baishuixian,bsx,2141
yya,弋阳,YIG,yiyang,yy,2028
tga,天岗,TGL,tiangang,tg,1654
dzd,德州东,DIP,dezhoudong,dzd,794
xni,兴宁,ENQ,xingning,xn,1858
syb,邵阳北,OVQ,shaoyangbei,syb,2501
mnh,玛纳斯湖,MNR,manasihu,mnsh,1298
hhq,黄河景区,HCF,huanghejingqu,hhjq,2267
wzn,温州南,VRH,wenzhounan,wzn,429
qji,潜江,QJN,qianjiang,qj,1435
ltu,濑湍,LVZ,laituan,lt,1233
dxi,德兴,DWG,dexing,dx,2195
bji,碧江,BLQ,bijiang,bj,579
znd,中宁东,ZDJ,zhongningdong,znd,2079
flj,富拉尔基,FRX,fulaerji,flej,158
msw,漫水湾,MKW,manshuiwan,msw,1307
xan,兴安,XAZ,xingan,xa,1793
yta,银滩,CTQ,yintan,yt,2612
dsh,东升,DRQ,dongsheng,ds,751
wha,乌海,WVC,wuhai,wh,1736
wxx,闻喜西,WOV,wenxixi,wxx,2543
npu,那铺,NPZ,napu,np,1350
ahu,安化,PKQ,anhua,ah,538
yya,益阳,AEQ,yiyang,yy,500
ych,永川,YCW,yongchuan,yc,462
dhu,敦煌,DHJ,dunhuang,dh,131
jan,吉安,VAG,jian,ja,214
trn,铜仁南,TNW,tongrennan,trn,2523
yzh,永州,AOQ,yongzhou,yz,503
sjt,邵家堂,SJJ,shaojiatang,sjt,1547
lya,莱阳,LYK,laiyang,ly,1248
jss,界首市,JUN,jieshoushi,jss,2313
zxi,钟祥,ZTN,zhongxiang,zx,2101
jxi,进贤,JUG,jinxian,jx,1091
sfh,绥芬河,SFB,suifenhe,sfh,352
hlz,火连寨,HLT,huolianzhai,hlz,985
xms,西麻山,XMB,ximashan,xms,1854
yji,营街,YAM,yingjie,yj,1963
nch,南充,NCW,nanchong,nc,313
cyz,朝阳镇,CZL,chaoyangzhen,cyz,685
bhb,滨海北,FCP,binhaibei,bhb,2134
cch,澄城,CUY,chengcheng,cc,2152
cln,茶陵南,CNG,chalingnan,cln,2157
fdu,丰都,FUW,fengdu,fd,2210
tlx,铁岭西,PXT,tielingxi,tlx,1675
lha,林海,LXX,linhai,lh,1167
lld,醴陵东,UKQ,lilingdong,lld,2361
cxi,磁西,CRP,cixi,cx,675
syu,水源,OYJ,shuiyuan,sy,1627
xyd,信阳东,OYN,xinyangdong,xyd,2579
lyi,临邑,LUK,linyi,ly,2372
hsh,汉寿,VSQ,hanshou,hs,1001
jyg,嘉峪关,JGJ,jiayuguan,jyg,239
lzh,龙镇,LZA,longzhen,lz,1267
cgu,城固,CGY,chenggu,cg,637
zch,赵城,ZCV,zhaocheng,zc,2051
dlx,达拉特西,DNC,dalatexi,dltx,735
rsh,热水,RSD,reshui,rs,1483
bjx,北京西,BXP,beijingxi,bjx,4
gzn,公主岭南,GBT,gongzhulingnan,gzln,176
gbd,高碑店东,GMP,gaobeidiandong,gbdd,2226
bsp,白沙坡,BPM,baishapo,bsp,606
hzh,惠州,HCQ,huizhou,hz,213
hli,鹤立,HOB,heli,hl,975
lxi,澧县,LEQ,lixian,lx,280
lzh,阆中,LZE,langzhong,lz,2375
fni,阜宁,AKH,funing,fn,832
ycd,秧草地,YKM,yangcaodi,ycd,1927
jyt,金银潭,JTN,jinyintan,jyt,2321
tcb,桃村北,TOK,taocunbei,tcb,2510
yzh,扬州,YLH,yangzhou,yz,504
twh,汤旺河,THB,tangwanghe,twh,1694
dzh,低庄,DVQ,dizhuang,dz,796
nqu,暖泉,NQJ,nuanquan,nq,1353
aji,鳌江,ARH,aojiang,aj,540
zjc,钟家村,ZJY,zhongjiacun,zjc,2061
lbx,灵宝西,LPF,lingbaoxi,lbx,1145
hgd,黄冈东,KAN,huanggangdong,hgd,2262
bbn,蚌埠南,BMH,bengbunan,bbn,562
xyb,新余北,XBG,xinyubei,xyb,2577
lmd,里木店,LMB,limudian,lmd,1201
dgu,东莞,RTQ,dongguan,dg,2180
pln,平凉南,POJ,pingliangnan,pln,327
hli,海林,HRB,hailin,hl,978
xzi,汐子,XZD,xizi,xz,1917
ych,砚川,YYY,yanchuan,yc,1932
lps,乐平市,LPG,lepingshi,lps,1208
fsz,福山镇,FZQ,fushanzhen,fsz,2217
jsh,稷山,JVV,jishan,js,1080
tji,天津,TJP,tianjin,tj,15
lfa,鲁番,LVM,lufan,lf,1156
sdh,三道湖,SDL,sandaohu,sdh,2466
zpu,泽普,ZPR,zepu,zp,2084
qsh,庆盛,QSQ,qingsheng,qs,2450
psh,平社,PSV,pingshe,ps,1395
hji,获嘉,HJF,huojia,hj,961
ywu,义乌,YWH,yiwu,yw,497
ddh,东戴河,RDD,dongdaihe,ddh,2173
wjx,王家营西,KNM,wangjiayingxi,wjyx,66
pyc,平遥古城,PDV,pingyaogucheng,pygc,2433
smi,三明,SMS,sanming,sm,359
fsh,抚顺,FST,fushun,fs,839
psh,磐石,PSL,panshi,ps,1394
lga,兰岗,LNB,langang,lg,1161
xyc,熊岳城,XYT,xiongyuecheng,xyc,452
hdo,惠东,KDQ,huidong,hd,2254
xwu,修武,XWF,xiuwu,xw,1887
sjh,水家湖,SQH,shuijiahu,sjh,1535
hgy,黄瓜园,HYM,huangguayuan,hgy,952
hch,海城,HCT,haicheng,hc,941
lyb,临沂北,UYK,linyibei,lyb,1250
rji,瑞金,RJG,ruijin,rj,349
szh,随州,SZN,suizhou,sz,381
bls,宝龙山,BND,baolongshan,bls,594
fni,富宁,FNM,funing,fn,2212
pji,盘锦,PVD,panjin,pj,325
mhk,梅河口,MHL,meihekou,mhk,1284
szh,朔州,SUV,shuozhou,sz,382
ksh,喀什,KSR,kashi,ks,248
hme,虎门,IUQ,humen,hm,2276
pch,蒲城,PCY,pucheng,pc,1372
bjp,白鸡坡,BBM,baijipo,bjp,580
bxi,博兴,BXK,boxing,bx,614
yxi,宜兴,YUH,yixing,yx,2617
heb,哈尔滨,HBB,haerbin,heb,31
zlx,扎赉诺尔西,ZXX,zhalainuoerxi,zlrex,2076
dta,东台,DBH,dongtai,dt,759
hsd,黄松甸,HDL,huangsongdian,hsd,998
msd,眉山东,IUW,meishandong,msd,2389
msh,密山,MSB,mishan,ms,304
jxn,嘉兴南,EPH,jiaxingnan,jxn,1097
bhx,白河县,BEY,baihexian,bhx,575
qjb,曲靖北,QBM,qujingbei,qjb,2443
zji,湛江,ZJZ,zhanjiang,zj,510
ldo,林东,LRC,lindong,ld,1152
dji,大涧,DFP,dajian,dj,135
hbi,河边,HBV,hebian,hb,181
tsh,唐山,TSP,tangshan,ts,400
dtx,大通西,DTO,datongxi,dtx,2192
hll,霍林郭勒,HWD,huolinguole,hlgl,194
tba,桐柏,TBF,tongbai,tb,1645
tch,桐城,TTH,tongcheng,tc,1647
yka,永康,RFH,yongkang,yk,1973
whu,卫辉,WHF,weihui,wh,1738
cjg,蔡家沟,CJT,caijiagou,cjg,646
jhn,金华南,RNH,jinhuanan,jhn,224
shn,上海南,SNH,shanghainan,shn,11
syd,沈阳东,SDT,shenyangdong,syd,61
zzh,资中,ZZW,zizhong,zz,526
dwt,大王滩,DZZ,dawangtan,dwt,769
fya,汾阳,FAV,fenyang,fy,849
czx,郴州西,ICQ,chenzhouxi,czx,693
yln,杨陵南,YEY,yanglingnan,yln,2603
ach,阿城,ACB,acheng,ac,530
wxu,吴圩,WYZ,wuxu,wx,1780
xzh,悬钟,XRP,xuanzhong,xz,1914
dyi,东营,DPK,dongying,dy,145
lji,龙嘉,UJL,longjia,lj,1185
smu,神木,OMY,shenmu,sm,360
ycl,云彩岭,ACP,yuncailing,ycl,1942
mhu,马皇,MHZ,mahuang,mh,1285
kta,葵潭,KTQ,kuitan,kt,2330
bts,北屯市,BXR,beitunshi,bts,98
heb,哈尔滨北,HTB,haerbinbei,hebb,2258
zan,诏安,ZDS,zhaoan,za,2624
wdc,五大连池,WRB,wudalianchi,wdlc,1719
myb,密云北,MUP,miyunbei,myb,1313
hhe,浑河,HHT,hunhe,hh,954
gli,关岭,GLE,guanling,gl,2233
qxi,渠县,QRW,quxian,qx,1458
pxg,平型关,PGV,pingxingguan,pxg,1403
hgu,汉沽,HGP,hangu,hg,951
xgd,孝感东,GDN,xiaogandong,xgd,2561
yji,燕郊,AJP,yanjiao,yj,1966
hxt,红岘台,HTJ,hongxiantai,hxt,1022
qzn,全州南,QNZ,quanzhounan,qzn,2456
syu,上虞,BDH,shangyu,sy,1624
lwu,灵武,LNJ,lingwu,lw,1238
wzg,苇子沟,WZL,weizigou,wzg,1786
bgu,柏果,BGM,baiguo,bg,570
zji,诸暨,ZDH,zhuji,zj,2065
csn,长沙南,CWQ,changshanan,csn,25
zyx,遵义西,ZIW,zunyixi,zyx,524
zzx,株洲西,ZAQ,zhuzhouxi,zzx,2119
tzh,滕州,TXK,tengzhou,tz,1708
dba,大巴,DBD,daba,db,699
the,唐河,THF,tanghe,th,1660
jji,九江,JJG,jiujiang,jj,226
dgs,大孤山,RMT,dagushan,dgs,2179
jxi,介休,JXV,jiexiu,jx,1094
kyx,开原西,KXT,kaiyuanxi,kyx,1141
shl,赛汗塔拉,SHC,saihantala,shtl,1524
jtn,九台南,JNL,jiutainan,jtn,1089
gnh,工农湖,GRT,gongnonghu,gnh,891
sji,双吉,SML,shuangji,sj,1541
kdz,昆都仑召,KDC,kundulunzhao,kdlz,1127
lkp,路口铺,LKQ,lukoupu,lkp,1191
yqi,乐清,UPH,yueqing,yq,1999
jmc,金马村,JMM,jinmacun,jmc,1067
sgz,上高镇,SVK,shanggaozhen,sgz,1518
yli,伊林,YLB,yilin,yl,1980
lba,灵宝,LBF,lingbao,lb,253
ldo,乐东,UQQ,ledong,ld,2345
cle,昌乐,CLK,changle,cl,650
xxi,孝西,XOV,xiaoxi,xx,1893
fcd,凤城东,FDT,fengchengdong,fcd,2207
hpz,花棚子,HZM,huapengzi,hpz,992
lcb,隆昌北,NWW,longchangbei,lcb,2336
flq,福利区,FLJ,fuliqu,flq,828
xqp,兴泉堡,XQJ,xingquanbu,xqp,1869
hfc,合肥北城,COH,hefeibeicheng,hfbc,2259
lyu,林源,LYX,linyuan,ly,1257
ypu,羊堡,ABM,yangpu,yp,1997
tji,同江,TJB,tongjiang,tj,2519
gzs,冠豸山,GSS,guanzhaishan,gzs,928
zmu,中牟,ZGF,zhongmu,zm,2078
gjz,孤家子,GKT,gujiazi,gjz,881
jya,姜堰,UEH,jiangyan,jy,1099
qya,沁阳,QYF,qinyang,qy,1465
yld,永乐店,YDY,yongledian,yld,1978
xzz,新杖子,ERP,xinzhangzi,xzz,1919
dfe,大丰,KRQ,dafeng,df,2176
hya,衡阳,HYQ,hengyang,hy,209
ahe,艾河,AHP,aihe,ah,537
ypi,玉屏,YZW,yuping,yp,483
xjz,谢家镇,XMT,xiejiazhen,xjz,1838
cpi,昌平,CPP,changping,cp,110
wlg,瓦拉干,WVX,walagan,wlg,1750
bch,巴楚,BCR,bachu,bc,563
cli,慈利,CUQ,cili,cl,652
mga,明港,MGN,minggang,mg,1283
spt,沙坡头,SFJ,shapotou,spt,1579
cli,茶陵,CDG,chaling,cl,108
czh,长征,CZJ,changzheng,cz,119
yzi,迤资,YQM,yizi,yz,2039
lpi,罗平,LPM,luoping,lp,1205
bjz,北井子,BRT,beijingzi,bjz,2136
szh,宿州,OXH,suzhou,sz,380
hji,黑井,HIM,heijing,hj,960
syd,上腰墩,SPJ,shangyaodun,syd,1619
zxi,资溪,ZXS,zixi,zx,2102
zwu,彰武,ZWD,zhangwu,zw,2099
frn,芙蓉南,KCQ,furongnan,frn,2214
cya,磁窑,CYK,ciyao,cy,677
paz,平安镇,PZT,pinganzhen,paz,1370
pnn,平南南,PAZ,pingnannan,pnn,2428
kmn,昆明南,KOM,kunmingnan,kmn,2329
ysh,玉山,YNG,yushan,ys,490
dsx,东胜西,DYC,dongshengxi,dsx,757
deh,东二道河,DRB,dongerdaohe,dedh,2175
lsd,灵石东,UDV,lingshidong,lsd,2365
scz,山城镇,SCL,shanchengzhen,scz,1502
mdh,猛洞河,MUQ,mengdonghe,mdh,1279
ggu,甘谷,GGJ,gangu,gg,876
xyq,小扬气,XYX,xiaoyangqi,xyq,1906
dhs,大虎山,DHD,dahushan,dhs,130
lyu,罗源,LVS,luoyuan,ly,1256
qjx,清涧县,QNY,qingjianxian,qjx,1439
wzh,梧州,WZZ,wuzhou,wz,427
jsh,建始,JRN,jianshi,js,1079
xpu,霞浦,XOS,xiapu,xp,1864
mxi,勉县,MVY,mianxian,mx,1311
sya,寿阳,SYV,shouyang,sy,1616
dji,垫江,DJE,dianjiang,dj,2184
bhs,宝华山,BWH,baohuashan,bhs,574
ssh,鄯善,SSR,shanshan,ss,1589
lxi,朗乡,LXB,langxiang,lx,1240
syu,上园,SUD,shangyuan,sy,1626
wft,万发屯,WFB,wanfatun,wft,1729
byg,白音察干,BYC,baiyinchagan,bycg,616
jst,江所田,JOM,jiangsuotian,jst,1087
tjt,陶家屯,TOT,taojiatun,tjt,1665
ssh,泗水,OSK,sishui,ss,1591
cqn,重庆南,CRW,chongqingnan,cqn,8
sjz,施家嘴,SHM,shijiazui,sjz,1552
phk,平河口,PHM,pinghekou,phk,1384
dqi,大庆,DZX,daqing,dq,141
slx,石林西,SYM,shilinxi,slx,2477
gns,广宁寺,GQT,guangningsi,gns,2237
lgu,拉古,LGB,lagu,lg,1165
qzh,泉州,QYS,quanzhou,qz,345
cna,苍南,CEH,cangnan,cn,109
gch,藁城,GEP,gaocheng,gc,865
nfe,南芬,NFT,nanfen,nf,316
xdo,小董,XEZ,xiaodong,xd,1807
nlx,宁陵县,NLF,ninglingxian,nlx,1345
zzh,株洲,ZZQ,zhuzhou,zz,527
hzh,湖州,VZH,huzhou,hz,1035
sxi,沙县,SAS,shaxian,sx,1609
tyi,天义,TND,tianyi,ty,1699
txi,藤县,TAZ,tengxian,tx,2528
hyu,花园,HUN,huayuan,hy,1032
llb,龙里北,KFW,longlibei,llb,2359
tzi,桐梓,TZW,tongzi,tz,405
cli,昌黎,CLP,changli,cl,653
mlt,木里图,MUD,mulitu,mlt,1296
lws,狼尾山,LRJ,langweishan,lws,1237
hpu,合浦,HVZ,hepu,hp,2280
dst,大石头,DSL,dashitou,dst,756
nji,能家,NJD,nengjia,nj,1338
mli,茅岭,MLZ,maoling,ml,1290
byb,白云鄂博,BEC,baiyunebo,byeb,100
kxl,康熙岭,KXZ,kangxiling,kxl,1138
fyi,分宜,FYG,fenyi,fy,851
jxi,井陉,JJP,jingxing,jx,1096
xga,轩岗,XGV,xuangang,xg,434
wga,王岗,WGB,wanggang,wg,1732
lzh,兰州,LZJ,lanzhou,lz,51
szs,深圳坪山,IFQ,shenzhenpingshan,szps,2507
xfe,信丰,EFG,xinfeng,xf,1809
thu,太湖,TKH,taihu,th,1662
wpu,吴堡,WUY,wupu,wp,1763
xtd,邢台东,EDP,xingtaidong,xtd,2572
byl,白音他拉,BID,baiyintala,bytl,620
abq,阿巴嘎旗,AQC,abagaqi,abgq,2121
fxd,富县东,FDY,fuxiandong,fxd,844
shz,三合庄,SVP,sanhezhuang,shz,1533
zqi,庄桥,ZQH,zhuangqiao,zq,2639
psh,彭水,PHW,pengshui,ps,1396
yqu,玉泉,YQB,yuquan,yq,487
bka,保康,BKD,baokang,bk,583
hht,呼和浩特,HHC,huhehaote,hhht,37
lsa,拉萨,LSO,lasa,ls,49
xyo,仙游,XWS,xianyou,xy,2581
bji,滨江,BJB,binjiang,bj,91
dhu,敦化,DHL,dunhua,dh,132
ssh,神树,SWB,shenshu,ss,1588
lhe,滦河,UDP,luanhe,lh,2352
cbg,查布嘎,CBC,chabuga,cbg,628
xfl,湘府路,FVQ,xiangfulu,xfl,2558
pzi,泡子,POD,paozi,pz,1416
zsb,中山北,ZGQ,zhongshanbei,zsb,2090
tpz,太平镇,TEB,taipingzhen,tpz,1685
swe,汕尾,OGQ,shanwei,sw,2494
wpi,沃皮,WPT,wopi,wp,1762
glz,郭磊庄,GLP,guoleizhuang,glz,888
csb,长寿北,COW,changshoubei,csb,2160
smb,石门县北,VFQ,shimenxianbei,smxb,1569
ghe,甘河,GAX,ganhe,gh,878
gzn,广州南,IZQ,guangzhounan,gzn,5
yxi,云霄,YBS,yunxiao,yx,2616
xji,辛集,ENP,xinji,xj,1833
hga,鹤岗,HGB,hegang,hg,186
dzh,东镇,DNV,dongzhen,dz,797
hls,哈拉苏,HAX,halasu,hls,983
hgz,红光镇,IGW,hongguangzhen,hgz,953
sya,沈阳,SYT,shenyang,sy,59
nmi,宁明,NMZ,ningming,nm,1347
yna,郁南,YKQ,yunan,yn,2605
sha,上杭,JBS,shanghang,sh,1519
csh,潮汕,CBQ,chaoshan,cs,2162
dtb,大田边,DBM,datianbian,dtb,762
xsh,杏树,XSB,xingshu,xs,1872
ydx,英德西,IIQ,yingdexi,ydx,1952
cyd,朝阳地,CDD,chaoyangdi,cyd,683
fyb,扶余北,FBT,fuyubei,fyb,850
psh,彭山,PSW,pengshan,ps,1392
anz,阿南庄,AZM,ananzhuang,anz,551
xsh,小哨,XAM,xiaoshao,xs,1877
qwe,前卫,QWD,qianwei,qw,1456
hch,潢川,KCN,huangchuan,hc,182
ylq,杨柳青,YQP,yangliuqing,ylq,1985
mli,马林,MID,malin,ml,1294
hch,汉川,HCN,hanchuan,hc,940
wcg,五叉沟,WCT,wuchagou,wcg,1716
wqi,吴桥,WUP,wuqiao,wq,1764
yxi,永修,ACG,yongxiu,yx,2026
jya,简阳,JYW,jianyang,jy,1102
xsh,秀山,ETW,xiushan,xs,445
jba,巨宝,JRT,jubao,jb,1040
nqu,那曲,NQO,naqu,nq,1352
gqu,甘泉,GQY,ganquan,gq,898
kqi,口前,KQL,kouqian,kq,1133
dfe,丹凤,DGY,danfeng,df,711
wna,渭南,WNY,weinan,wn,416
xyy,新友谊,EYB,xinyouyi,xyy,1910
zch,诸城,ZQK,zhucheng,zc,2049
tzx,通州西,TAP,tongzhouxi,tzx,406
hsh,虎什哈,HHP,hushiha,hsh,1005
gzb,广州北,GBQ,guangzhoubei,gzb,173
zwe,中卫,ZWJ,zhongwei,zw,522
xsh,浠水,XZN,xishui,xs,1873
hch,合川,WKW,hechuan,hc,942
zxi,漳县,ZXJ,zhangxian,zx,2642
xla,香兰,XNB,xianglan,xl,1841
gti,官厅,GTP,guanting,gt,909
qdu,青堆,QET,qingdui,qd,2441
dqd,大庆东,LFX,daqingdong,dqd,745
tdd,土地堂东,TTN,tuditangdong,tdtd,2512
xpu,犀浦,XIW,xipu,xp,1866
jgs,鸡冠山,JST,jiguanshan,jgs,1052
jch,晋城,JCF,jincheng,jc,217
dzh,豆庄,ROP,douzhuang,dz,801
ych,盐城,AFH,yancheng,yc,463
zqd,肇庆东,FCQ,zhaoqingdong,zqd,2638
dna,定南,DNG,dingnan,dn,140
yde,英德,YDQ,yingde,yd,1945
ayd,安阳东,ADF,anyangdong,ayd,2127
cxt,陈相屯,CXT,chenxiangtun,cxt,116
yqq,阳泉曲,YYV,yangquanqu,yqq,486
dlb,大连北,DFT,dalianbei,dlb,137
wyl,乌伊岭,WPB,wuyiling,wyl,423
lqu,礼泉,LGY,liquan,lq,2364
tzl,桐子林,TEW,tongzilin,tzl,1710
xxi,湘乡,XXQ,xiangxiang,xx,1891
zrl,泽润里,ZLM,zerunli,zrl,2089
ymb,阳明堡,YVV,yangmingbu,ymb,1988
tsf,田师府,TFT,tianshifu,tsf,398
ymp,一面坡,YPB,yimianpo,ymp,480
hzh,汉中,HOY,hanzhong,hz,212
wld,五龙背东,WMT,wulongbeidong,wlbd,2536
glu,甘洛,VOW,ganluo,gl,887
byq,鲅鱼圈,BYT,bayuquan,byq,621
jyu,济源,JYF,jiyuan,jy,1108
jni,江宁,JJH,jiangning,jn,2307
hli,寒岭,HAT,hanling,hl,980
lcz,老城镇,ACQ,laochengzhen,lcz,2341
bdh,北戴河,BEP,beidaihe,bdh,565
lha,拉哈,LHX,laha,lh,1168
dfa,东方,UFQ,dongfang,df,710
lfa,落垡,LOP,luofa,lf,1158
glh,归流河,GHT,guiliuhe,glh,885
yga,阳高,YOV,yanggao,yg,1955
hli,虎林,VLB,hulin,hl,979
dyu,大余,DYG,dayu,dy,2200
bsz,白水镇,BUM,baishuizhen,bsz,608
tyn,太原南,TNV,taiyuannan,tyn,2529
rch,荣成,RCK,rongcheng,rc,2460
hlt,呼鲁斯太,VTJ,hulusitai,hlst,984
fha,富海,FHX,fuhai,fh,821
hln,黄陵南,VLY,huanglingnan,hln,2274
qzd,泉州东,QRS,quanzhoudong,qzd,344
fsu,扶绥,FSZ,fusui,fs,841
sht,山河屯,SHL,shanhetun,sht,1527
bss,白山市,HJL,baishanshi,bss,94
dbs,德伯斯,RDT,debosi,dbs,703
xye,兴业,SNZ,xingye,xy,1902
dmc,东明村,DMD,dongmingcun,dmc,737
lxi,兰溪,LWH,lanxi,lx,278
zmd,驻马店,ZDN,zhumadian,zmd,518
gzh,虢镇,GZY,guozhen,gz,923
zhb,庄河北,ZUT,zhuanghebei,zhb,2627
pze,彭泽,PZG,pengze,pz,1413
hdx,海东西,HDO,haidongxi,hdx,2256
sho,泗洪,GQH,sihong,sh,2472
sch,商城,SWN,shangcheng,sc,1496
bzh,北宅,BVP,beizhai,bz,626
jsa,九三,SSX,jiusan,js,1075
wxi,无锡,WXH,wuxi,wx,421
zzh,枣庄,ZEK,zaozhuang,zz,525
cdd,成都东,ICW,chengdudong,cdd,21
sni,肃宁,SYP,suning,sn,1574
yyd,岳阳东,YIQ,yueyangdong,yyd,2031
lli,醴陵,LLG,liling,ll,272
ych,晏城,YEK,yancheng,yc,1937
sxd,绍兴东,SSH,shaoxingdong,sxd,2497
han,淮安,AUH,huaian,ha,177
wwe,武威,WUJ,wuwei,ww,419
hqi,霍邱,FBH,huoqiu,hq,2281
hga,黄冈,KGN,huanggang,hg,2261
ban,北安,BAB,beian,ba,84
yan,延安,YWY,yanan,ya,457
lsh,旅顺,LST,lvshun,ls,277
qya,千阳,QOY,qianyang,qy,1464
tyb,太原北,TBV,taiyuanbei,tyb,62
hyi,华蓥,HUW,huaying,hy,1027
gsz,嘎什甸子,GXD,gashidianzi,gsdz,905
xyi,兴义,XRZ,xingyi,xy,454
tlb,铜陵北,KXH,tonglingbei,tlb,2520
csh,蔡山,CON,caishan,cs,661
ysz,鹰手营子,YIP,yingshouyingzi,ysyz,2018
txi,土溪,TSW,tuxi,tx,1696
dsq,大石桥,DQT,dashiqiao,dsq,143
dqx,德清西,MOH,deqingxi,dqx,749
nko,南口,NKP,nankou,nk,1339
hyu,汉源,WHW,hanyuan,hy,1030
wxd,无锡东,WGH,wuxidong,wxd,1774
zzd,枣庄东,ZNK,zaozhuangdong,zzd,2647
hdx,洪洞西,HTV,hongtongxi,hdx,2257
hpi,和平,VAQ,heping,hp,991
rya,饶阳,RVP,raoyang,ry,1485
hzn,惠州南,KNQ,huizhounan,hzn,2296
nji,内江,NJW,neijiang,nj,319
jme,荆门,JMN,jingmen,jm,228
nta,南台,NTT,nantai,nt,1354
spd,四平东,PPT,sipingdong,spd,1577
xpi,兴平,XPY,xingping,xp,1862
qcs,青城山,QSW,qingchengshan,qcs,335
sji,孙家,SUB,sunjia,sj,1539
dzz,大杖子,DAP,dazhangzi,dzz,804
czh,郴州,CZQ,chenzhou,cz,121
pan,平安,PAL,pingan,pa,1367
tys,太阳升,TQT,taiyangsheng,tys,403
bxt,八仙筒,VXD,baxiantong,bxt,615
nzh,南召,NAF,nanzhao,nz,1364
bha,滨海,FHP,binhai,bh,2133
lps,六盘山,UPJ,liupanshan,lps,1207
syz,桑园子,SAJ,sangyuanzi,syz,1628
ccx,长春西,CRT,changchunxi,ccx,20
son,宋,SOB,song,son,1575
jhu,金华,JBH,jinhua,jh,225
zli,左岭,ZSN,zuoling,zl,2634
psh,皮山,PSR,pishan,ps,1393
yfy,永丰营,YYM,yongfengying,yfy,1953
lwd,莱芜东,LWK,laiwudong,lwd,1236
lpl,落坡岭,LPP,luopoling,lpl,1206
xji,峡江,EJG,xiajiang,xj,1831
yjz,燕家庄,AZK,yanjiazhuang,yjz,1972
dqg,大青沟,DSD,daqinggou,dqg,2187
ghe,根河,GEX,genhe,gh,879
ngu,宁国,NNH,ningguo,ng,1330
smx,三门县,OQH,sanmenxian,smx,1571
sto,神头,SEV,shentou,st,1602
jox,建瓯西,JUS,jianouxi,jox,2309
scp,双城堡,SCB,shuangchengpu,scp,351
fch,富川,FDZ,fuchuan,fc,2208
ryh,绕阳河,RHD,raoyanghe,ryh,1487
yla,永郎,YLW,yonglang,yl,1976
dli,大连,DLT,dalian,dl,139
sbi,施秉,AQW,shibing,sb,1491
zsh,钟山,ZSZ,zhongshan,zs,2095
gan,高安,GCG,gaoan,ga,2223
sjf,三间房,SFX,sanjianfang,sjf,356
jzh,胶州,JXK,jiaozhou,jz,1115
zrh,朱日和,ZRC,zhurihe,zrh,2088
hxi,徽县,HYY,huixian,hx,1019
xfe,襄汾,XFV,xiangfen,xf,1810
fyu,扶余,FYT,fuyu,fy,853
ych,应城,YHN,yingcheng,yc,1935
hxi,红星,VXB,hongxing,hx,1018
tgx,太谷西,TIV,taiguxi,tgx,2513
bmq,班猫箐,BNM,banmaoqing,bmq,597
jyo,江永,JYZ,jiangyong,jy,1104
ycd,永川东,WMW,yongchuandong,ycd,2587
bse,百色,BIZ,baise,bs,93
tqz,土桥子,TQJ,tuqiaozi,tqz,1689
dlu,豆罗,DLV,douluo,dl,734
wns,五女山,WET,wunvshan,wns,2539
aya,安阳,AYF,anyang,ay,83
wxu,武穴,WXN,wuxue,wx,1779
hqi,花桥,VQH,huaqiao,hq,993
cgp,柴沟堡,CGV,chaigoupu,cgp,636
tgl,土贵乌拉,TGC,tuguiwula,tgwl,1655
cxi,长兴,CBH,changxing,cx,2165
lps,六盘水,UMW,liupanshui,lps,275
qji,渠旧,QJZ,qujiu,qj,1434
tjw,唐家湾,PDQ,tangjiawan,tjw,1666
xan,新安,EAM,xinan,xa,1792
alu,安陆,ALN,anlu,al,549
xhu,宣化,XHP,xuanhua,xh,1825
whb,威虎岭北,WBL,weihulingbei,whlb,2533
xhx,兴和西,XEC,xinghexi,xhx,1826
dyn,东营南,DOK,dongyingnan,dyn,2199
wfs,五府山,WFG,wufushan,wfs,2532
xhy,小河沿,XYD,xiaoheyan,xhy,1827
zzd,漳州东,GOS,zhangzhoudong,zzd,2111
ghb,广汉北,GVW,guanghanbei,ghb,2231
csh,磁山,CSP,cishan,cs,664
yhc,沿河城,YHP,yanhecheng,yhc,1959
pxi,萍乡,PXG,pingxiang,px,330
tna,洮南,TVT,taonan,tn,1682
zji,织金,IZW,zhijin,zj,2631
ljd,亮甲店,LRT,liangjiadian,ljd,1175
pdx,平顶山西,BFF,pingdingshanxi,pdsx,1375
szh,绥中,SZD,suizhong,sz,1635
zsh,昭山,KWQ,zhaoshan,zs,2640
shs,沙后所,SSD,shahousuo,shs,1526
zzh,子洲,ZZY,zizhou,zz,2114
cxi,曹县,CXK,caoxian,cx,114
syu,松原,VYT,songyuan,sy,377
lsp,林盛堡,LBT,linshengpu,lsp,1224
cno,长农,CNJ,changnong,cn,656
gyu,固原,GUJ,guyuan,gy,917
ysn,玉山南,YGG,yushannan,ysn,2610
lsh,露水河,LUL,lushuihe,lsh,1222
lby,绿博园,LCF,lvboyuan,lby,2335
zhe,中和,ZHX,zhonghe,zh,2058
bjg,白芨沟,BJJ,baijigou,bjg,576
ncu,宁村,NCZ,ningcun,nc,1325
zqi,枣强,ZVP,zaoqiang,zq,2085
bzh,滨州,BIK,binzhou,bz,2150
hli,桦林,HIB,hualin,hl,976
xxx,新兴县,XGQ,xinxingxian,xxx,1895
gmi,高密,GMK,gaomi,gm,889
lxi,莱西,LXK,laixi,lx,1244
xhe,襄河,XXB,xianghe,xh,1818
jsh,江山,JUH,jiangshan,js,233
dad,东安东,DCZ,dongandong,dad,2170
hyt,黄羊滩,HGJ,huangyangtan,hyt,1029
yli,杨陵,YSY,yangling,yl,1981
cch,长冲,CCM,changchong,cc,630
xld,兴隆店,XDD,xinglongdian,xld,1842
xlz,新立镇,XGT,xinlizhen,xlz,1852
hhu,后湖,IHN,houhu,hh,2270
shx,三河县,OXP,sanhexian,shx,1528
gqz,高桥镇,GZD,gaoqiaozhen,gqz,899
jsh,建设,JET,jianshe,js,1082
lzq,兰州新区,LQJ,lanzhouxinqu,lzxq,1269
lxi,陇西,LXJ,longxi,lx,279
sya,邵阳,SYQ,shaoyang,sy,374
bla,白狼,BAT,bailang,bl,585
gyu,菇园,GYL,guyuan,gy,918
sjz,十家子,SJD,shijiazi,sjz,1550
xta,湘潭,XTQ,xiangtan,xt,1881
ybl,迎宾路,YFW,yingbinlu,ybl,2584
pzh,彭州,PMW,pengzhou,pz,2436
hyu,湟源,HNO,huangyuan,hy,1033
cfe,赤峰,CFD,chifeng,cf,107
qtx,青铜峡,QTJ,qingtongxia,qtx,1455
ssb,三水北,ARQ,sanshuibei,ssb,2488
wca,旺苍,WEW,wangcang,wc,1715
xab,兴安北,XDZ,xinganbei,xab,2552
lme,洛门,LMJ,luomen,lm,1202
lst,柳树屯,LSD,liushutun,lst,1225
tjb,天津北,TBP,tianjinbei,tjb,14
fni,抚宁,FNP,funing,fn,833
dbj,东边井,DBB,dongbianjing,dbj,702
btu,北屯,BYP,beitun,bt,612
dxs,丹霞山,IRQ,danxiashan,dxs,2196
jyo,江油,JFW,jiangyou,jy,240
lwj,洛湾三江,KRW,luowansanjiang,lwsj,2369
tmn,天门南,TNN,tianmennan,tmn,1678
yme,云梦,YMN,yunmeng,ym,1990
czh,潮州,CKQ,chaozhou,cz,689
hmy,韩麻营,HYP,hanmaying,hmy,987
qqn,齐齐哈尔南,QNB,qiqihaernan,qqhen,2446
lpi,滦平,UPP,luanping,lp,274
hme,门,KMQ,houmen,hm,2275
gli,古莲,GRX,gulian,gl,167
sxi,绍兴,SOH,shaoxing,sx,1610
gla,皋兰,GEJ,gaolan,gl,883
jhx,蛟河西,JOL,jiaohexi,jhx,2300
hgt,皇姑屯,HTT,huanggutun,hgt,187
lqi,灵丘,LVV,lingqiu,lq,276
fyu,富源,FYM,fuyuan,fy,852
yxi,玉溪,AXM,yuxi,yx,2618
hjx,河间西,HXP,hejianxi,hjx,966
qfe,前锋,QFB,qianfeng,qf,2442
psh,平山,PSB,pingshan,ps,1391
rsh,乳山,ROK,rushan,rs,1481
tqi,台前,TTK,taiqian,tq,1687
lgz,良各庄,LGP,lianggezhuang,lgz,263
mch,庙城,MAP,miaocheng,mc,1276
qsh,青神,QVW,qingshen,qs,2448
ssn,三水南,RNQ,sanshuinan,ssn,2490
lcg,芦潮港,UCH,luchaogang,lcg,254
jhe,锦河,JHB,jinhe,jh,1056
lya,溧阳,LEH,liyang,ly,2371
xab,西安北,EAY,xianbei,xab,68
yjb,永济北,AJV,yongjibei,yjb,2596
syb,沈阳北,SBT,shenyangbei,syb,60
xxb,萧县北,QSH,xiaoxianbei,xxb,2575
ggo,干沟,GGL,gangou,gg,875
qfd,曲阜东,QAK,qufudong,qfd,1423
zcc,中川机场,ZJJ,zhongchuanjichang,zcjc,2046
lsz,梨树镇,LSB,lishuzhen,lsz,1227
hes,霍尔果斯,HFR,huoerguosi,hegs,948
msz,米沙子,MST,mishazi,msz,1309
xmi,新民,XMD,xinmin,xm,1853
dth,东通化,DTL,dongtonghua,dth,763
jts,镜铁山,JVJ,jingtieshan,jts,236
zko,周口,ZKN,zhoukou,zk,515
tch,汤池,TCX,tangchi,tc,1648
jsh,建水,JSM,jianshui,js,2312
fsb,抚顺北,FET,fushunbei,fsb,159
msj,马三家,MJT,masanjia,msj,305
lya,洛阳,LYF,luoyang,ly,284
ygu,阳谷,YIK,yanggu,yg,1956
dhd,鼎湖东,UWQ,dinghudong,dhd,2181
xch,西昌,ECW,xichang,xc,430
hla,呼兰,HUB,hulan,hl,971
wfu,王府,WUT,wangfu,wf,1730
kln,凯里南,QKW,kailinan,kln,2327
jxi,嘉兴,JXH,jiaxing,jx,1095
kan,开安,KAT,kaian,ka,1121
tsh,桃山,TAB,taoshan,ts,1691
mni,冕宁,UGW,mianning,mn,1299
hlo,和龙,HLL,helong,hl,981
aeb,阿尔山北,ARX,aershanbei,aesb,2122
pga,平岗,PGL,pinggang,pg,1379
tan,泰安,TMK,taian,ta,1642
tjj,谭家井,TNJ,tanjiajing,tjj,1664
xgb,孝感北,XJN,xiaoganbei,xgb,2560
byd,白洋淀,FWP,baiyangdian,byd,2146
lka,兰考,LKF,lankao,lk,1189
xsh,下社,XSV,xiashe,xs,1874
zdi,正定,ZDP,zhengding,zd,2053
mgu,满归,MHX,mangui,mg,300
qlh,七里河,QLD,qilihe,qlh,1441
tni,泰宁,TNS,taining,tn,2522
atu,安图,ATL,antu,at,557
tmz,土门子,TCJ,tumenzi,tmz,1681
xan,西安南,CAY,xiannan,xan,70
xji,新江,XJM,xinjiang,xj,1834
bsh,璧山,FZW,bishan,bs,2139
sra,上饶,SRG,shangrao,sr,366
ldu,乐都,LDO,ledu,ld,1153
pay,平安驿,PNO,pinganyi,pay,1368
zko,曾口,ZKE,zengkou,zk,2633
cmi,晨明,CMB,chenming,cm,655
jji,江津,JJW,jiangjin,jj,1064
ajc,艾家村,AJJ,aijiacun,ajc,539
nbs,南博山,NBK,nanboshan,nbs,1322
gdb,贵定北,FMW,guidingbei,gdb,2228
hno,惠农,HMJ,huinong,hn,990
lzb,鹿寨北,LSZ,luzhaibei,lzb,2374
hqi,鹤庆,HQM,heqing,hq,201
jyx,靖远西,JXJ,jingyuanxi,jyx,1109
kly,克拉玛依,KHR,kelamayi,klmy,1132
xrq,仙人桥,XRL,xianrenqiao,xrq,1870
rkz,日喀则,RKO,rikaze,rkz,2463
czl,曹子里,CFP,caozili,czl,691
pqu,平泉,PQP,pingquan,pq,328
chu,巢湖,CIH,chaohu,ch,645
gya,涡阳,GYH,guoyang,gy,912
dla,东来,RVD,donglai,dl,727
sch,顺昌,SCS,shunchang,sc,1498
qan,乾安,QOT,qianan,qa,1418
lfx,临汾西,LXV,linfenxi,lfx,2350
dpf,大平房,DPD,dapingfang,dpf,741
xfe,先锋,NQQ,xianfeng,xf,2557
gzh,赣州,GZG,ganzhou,gz,174
dsn,砀山南,PRH,dangshannan,dsn,2189
lyx,耒阳西,LPQ,leiyangxi,lyx,1260
ddg,大磴沟,DKJ,dadenggou,ddg,707
ych,阳岔,YAL,yangcha,yc,1939
pyu,平峪,PYP,pingyu,py,1412
wlb,五龙背,WBT,wulongbei,wlb,1747
xyi,新沂,VIH,xinyi,xy,453
hax,红安西,VXN,honganxi,hax,933
dsz,大石寨,RZT,dashizhai,dsz,758
gan,广安,VJW,guangan,ga,860
yqu,阳泉,AQP,yangquan,yq,488
syc,三阳川,SYJ,sanyangchuan,syc,1618
yan,姚安,YAC,yaoan,ya,1920
asx,安顺西,ASE,anshunxi,asx,2125
ycu,杨村,YBP,yangcun,yc,468
aji,安靖,PYW,anjing,aj,543
tjn,天津南,TIP,tianjinnan,tjn,16
hni,海宁,HNH,haining,hn,989
ksh,奎山,KAB,kuishan,ks,1135
sjl,司家岭,OLK,sijialing,sjl,1544
gni,广宁,FBQ,guangning,gn,2236
ktu,奎屯,KTR,kuitun,kt,250
cfx,赤峰西,CID,chifengxi,cfx,632
wan,武安,WAP,wuan,wa,1713
gdn,贵定南,IDW,guidingnan,gdn,870
bxi,本溪,BXT,benxi,bx,99
pya,平洋,PYX,pingyang,py,1406
cwa,春湾,CQQ,chunwan,cw,671
qdo,祁东,QMQ,qidong,qd,2440
bsh,巴山,BAY,bashan,bs,604
mgu,明光,MGH,mingguang,mg,299
dyu,大元,DYZ,dayuan,dy,790
mlh,马莲河,MHB,malianhe,mlh,1289
jxi,靖西,JMZ,jingxi,jx,2317
ysh,营山,NUW,yingshan,ys,489
bli,北流,BOZ,beiliu,bl,591
cga,嵯岗,CAX,cuogang,cg,633
nhz,泥河子,NHD,nihezi,nhz,1334
gzl,公主岭,GLT,gongzhuling,gzl,175
sya,十堰,SNN,shiyan,sy,375
kfe,开封,KFF,kaifeng,kf,245
zxi,镇西,ZVT,zhenxi,zx,2103
tli,铜陵,TJH,tongling,tl,1671
ezh,鄂州,ECN,ezhou,ez,815
bxc,本溪新城,BVT,benxixincheng,bxxc,2143
wch,温春,WDB,wenchun,wc,1718
cde,承德,CDP,chengde,cd,105
myu,麦园,MYS,maiyuan,my,1315
nnd,南宁东,NFZ,nanningdong,nnd,2412
hch,韩城,HCY,hancheng,hc,183
yji,姚家,YAT,yaojia,yj,1967
xmb,厦门北,XKS,xiamenbei,xmb,441
xht,新华屯,XAX,xinhuatun,xht,1822
lyd,连云港东,UKH,lianyungangdong,lygd,285
fzh,丰镇,FZC,fengzhen,fz,857
qzd,钦州东,QDZ,qinzhoudong,qzd,1472
yli,杨林,YLM,yanglin,yl,1983
yxi,越西,YHW,yuexi,yx,2024
dhc,大灰厂,DHP,dahuichang,dhc,718
dxi,大兴,DXX,daxing,dx,772
dgu,大关,RGW,daguan,dg,715
xcu,小村,XEM,xiaocun,xc,1800
bmj,白马井,BFQ,baimajing,bmj,2137
rzh,汝州,ROF,ruzhou,rz,1488
wws,瓦屋山,WAH,wawushan,wws,2542
zjx,湛江西,ZWQ,zhanjiangxi,zjx,2069
hgu,红果,HEM,hongguo,hg,188
xhn,新化南,EJQ,xinhuanan,xhn,2563
htz,海坨子,HZT,haituozi,htz,1015
wyb,武夷山北,WBS,wuyishanbei,wysb,2545
txi,同心,TXJ,tongxin,tx,1695
dch,德昌,DVW,dechang,dc,705
pbi,屏边,PBM,pingbian,pb,2420
lhu,隆化,UHP,longhua,lh,267
rga,如皋,RBH,rugao,rg,1478
xhe,宣和,XWJ,xuanhe,xh,1820
tsc,汤山城,TCT,tangshancheng,tsc,1690
hsx,衡山西,HEQ,hengshanxi,hsx,1009
xzl,香樟路,FNQ,xiangzhanglu,xzl,2583
czb,长治北,CBF,changzhibei,czb,117
gdx,贵定县,KIW,guidingxian,gdx,2230
sfa,胜芳,SUP,shengfang,sf,2469
xzh,忻州,XXV,xinzhou,xz,1916
bha,北海,BHZ,beihai,bh,87
xgu,西固,XIJ,xigu,xg,1815
zqi,张桥,ZQY,zhangqiao,zq,2086
wdu,望都,WDP,wangdu,wd,1726
dya,德阳,DYW,deyang,dy,781
gtx,官厅西,KEP,guantingxi,gtx,910
lhz,六合镇,LEX,liuhezhen,lhz,1174
jji,姜家,JJB,jiangjia,jj,1063
kji,开江,KAW,kaijiang,kj,1128
lyu,柳园,DHR,liuyuan,ly,289
lzh,鹿寨,LIZ,luzhai,lz,1265
xsw,许三湾,XSJ,xusanwan,xsw,1880
mqu,民权,MQF,minquan,mq,1303
lya,略阳,LYY,lueyang,ly,1247
rch,瑞昌,RCG,ruichang,rc,1477
rjg,汝箕沟,RQJ,rujigou,rjg,348
zlt,扎鲁特,ZLD,zhalute,zlt,2075
qto,桥头,QAT,qiaotou,qt,1454
nan,农安,NAT,nongan,na,1321
qfu,曲阜,QFK,qufu,qf,1426
ssu,三穗,QHW,sansui,ss,2492
jzh,锦州,JZD,jinzhou,jz,241
gsh,赶水,GSW,ganshui,gs,901
jsh,甲山,JOP,jiashan,js,1083
lsd,冷水江东,UDQ,lengshuijiangdong,lsjd,1213
czh,池州,IYH,chizhou,cz,118
xxz,西小召,XZC,xixiaozhao,xxz,1896
dhx,东海县,DQH,donghaixian,dhx,721
nxi,内乡,NXF,neixiang,nx,1360
xji,新津,IRW,xinjin,xj,2565
sde,绥德,ODY,suide,sd,1505
ldn,乐都南,LVO,ledunan,ldn,2343
jzb,胶州北,JZK,jiaozhoubei,jzb,1110
jst,金山屯,JTB,jinshantun,jst,1086
hzh,化州,HZZ,huazhou,hz,1036
psb,彭山北,PPW,pengshanbei,psb,2429
xtz,下台子,EIP,xiataizi,xtz,1884
xgy,夏官营,XGJ,xiaguanying,xgy,1816
gzh,固镇,GEH,guzhen,gz,922
sch,莎车,SCR,shache,sc,1497
hsg,和什托洛盖,VSR,heshituoluogai,hstlg,999
gyi,巩义,GXF,gongyi,gy,913
yfd,云浮东,IXQ,yunfudong,yfd,2592
tsh,泰山,TAK,taishan,ts,399
hko,黄口,KOH,huangkou,hk,969
klu,开鲁,KLC,kailu,kl,1131
fti,福田,NZQ,futian,ft,2218
nzs,碾子山,NZX,nianzishan,nzs,323
xxj,小新街,XXM,xiaoxinjie,xxj,1894
jan,集安,JAL,jian,ja,215
xde,喜德,EDW,xide,xd,1804
hfe,合肥,HFH,hefei,hf,34
ggz,高各庄,GGP,gaogezhuang,ggz,877
sjb,石家庄北,VVP,shijiazhuangbei,sjzb,57
hjq,杭锦后旗,HDC,hangjinhouqi,hjhq,965
gsh,广水,GSN,guangshui,gs,170
nch,南昌,NCG,nanchang,nc,53
npn,南平南,NNS,nanpingnan,npn,1349
sjh,松江河,SJL,songjianghe,sjh,1537
gha,广汉,GHW,guanghan,gh,164
jch,交城,JNV,jiaocheng,jc,1046
hzd,杭州东,HGH,hangzhoudong,hzd,41
ssb,鄯善北,SMR,shanshanbei,ssb,2486
mld,汨罗东,MQQ,miluodong,mld,1288
zyb,资阳北,FYW,ziyangbei,zyb,2643
lsc,乐善村,LUM,leshancun,lsc,1212
wha,武汉,WHN,wuhan,wh,65
myu,暮云,KIQ,muyun,my,2393
qft,奇峰塔,QVP,qifengta,qft,1425
gyx,高邑西,GNP,gaoyixi,gyx,2247
yzz,杨杖子,YZD,yangzhangzi,yzz,2041
bzh,霸州,RMP,bazhou,bz,625
wzn,梧州南,WBZ,wuzhounan,wzn,2551
nya,南阳,NFF,nanyang,ny,322
kli,凯里,KLW,kaili,kl,247
fxi,费县,FXK,feixian,fx,847
qxi,桥西,QXJ,qiaoxi,qx,1461
hmx,侯马西,HPV,houmaxi,hmx,2277
mhn,民和南,MNO,minhenan,mhn,2380
njk,南江口,NDQ,nanjiangkou,njk,2409
yni,伊宁,YMR,yining,yn,481
dcg,打柴沟,DGJ,dachaigou,dcg,704
djg,达家沟,DJT,dajiagou,djg,723
dch,大成,DCT,dacheng,dc,126
psh,坪石,PSQ,pingshi,ps,329
xni,咸宁,XNN,xianning,xn,1859
sba,石坝,OBJ,shiba,sb,1489
gti,古田,GTS,gutian,gt,908
wsh,武山,WSJ,wushan,ws,1767
bbg,白壁关,BGV,baibiguan,bbg,561
qan,庆安,QAB,qingan,qa,1419
xya,旬阳,XUY,xunyang,xy,1899
jcj,金城江,JJZ,jinchengjiang,jcj,218
ybs,叶柏寿,YBD,yebaishou,ybs,460
pax,普安县,PUE,puanxian,pax,2419
hsb,华山北,HDY,huashanbei,hsb,997
dyd,东淤地,DBV,dongyudi,dyd,786
hxt,换新天,VTB,huanxintian,hxt,1021
ycz,营城子,YCT,yingchengzi,ycz,1944
yzh,仪征,UZH,yizheng,yz,2036
nbd,宁波东,NVH,ningbodong,nbd,310
npb,南平北,NBS,nanpingbei,npb,2414
pxx,郫县西,PCW,pixianxi,pxx,332
cst,长山屯,CVT,changshantun,cst,668
lli,拉林,LAB,lalin,ll,1193
jxn,进贤南,JXG,jinxiannan,jxn,2318
mxi,岷县,MXJ,minxian,mx,2391
ata,安塘,ATV,antang,at,554
ees,鄂尔多斯,EEC,eerduosi,eeds,809
gzh,古镇,GNQ,guzhen,gz,921
xli,西林,XYB,xilin,xl,1847
cgy,陈官营,CAJ,chenguanying,cgy,638
qzh,钦州,QRZ,qinzhou,qz,1473
lzx,兰州西,LAJ,lanzhouxi,lzx,52
wgo,湾沟,WGL,wangou,wg,1734
ycx,宜春西,YCG,yichunxi,ycx,469
nli,南陵,LLH,nanling,nl,2410
yds,雁荡山,YGH,yandangshan,yds,1949
ych,宜昌,YCN,yichang,yc,464
plc,盘龙城,PNN,panlongcheng,plc,2426
szb,苏州北,OHH,suzhoubei,szb,1630
fhc,凤凰城,FHT,fenghuangcheng,fhc,823
shz,石河子,SZR,shihezi,shz,1532
szh,深州,OZP,shenzhou,sz,1633
ych,宜春,YEG,yichun,yc,2588
lcu,蓝村,LCK,lancun,lc,1150
fli,涪陵,FLW,fuling,fl,157
lya,辽阳,LYT,liaoyang,ly,1249
sli,石林,SLM,shilin,sl,1559
sjz,三井子,OJT,sanjingzi,sjz,2475
dhs,鼎湖山,NVQ,dinghushan,dhs,2182
hcb,会昌北,XEG,huichangbei,hcb,937
lpn,梁平南,LPE,liangpingnan,lpn,2363
bmc,八面城,BMD,bamiancheng,bmc,596
gzh,高州,GSQ,gaozhou,gz,925
dta,定陶,DQK,dingtao,dt,760
yya,酉阳,AFW,youyang,yy,2030
ash,安顺,ASW,anshun,as,81
xlt,锡林浩特,XTC,xilinhaote,xlht,439
pxi,普雄,POW,puxiong,px,1404
zbo,淄博,ZBK,zibo,zb,505
dzh,兑镇,DWV,duizhen,dz,800
jyu,江源,SZL,jiangyuan,jy,1107
zlm,哲里木,ZLC,zhelimu,zlm,516
lji,李家,LJB,lijia,lj,1180
zch,邹城,ZIK,zoucheng,zc,2050
lsb,乐山北,UTW,leshanbei,ls,1211
txd,田心东,KQQ,tianxindong,txd,2526
ame,阿木尔,JTX,amuer,ame,550
lli,零陵,UWZ,lingling,ll,1198
xji,徐家,XJB,xujia,xj,1830
bmz,北马圈子,BRP,beimaquanzi,bmqz,599
ngc,南观村,NGP,nanguancun,ngc,1327
yli,阎良,YNY,yanliang,yl,476
slq,萨拉齐,SLC,salaqi,slq,1565
sch,石城,SCT,shicheng,sc,1501
fyb,富源北,FBM,fuyuanbei,fyb,2219
fcb,防城港北,FBZ,fangchenggangbei,fcgb,2206
alg,敖力布告,ALD,aolibugao,albg,546
fty,浮图峪,FYP,futuyu,fty,843
xjk,西街口,EKM,xijiekou,xjk,1835
xli,西柳,GCT,xiliu,xl,1848
sby,世博园,ZWT,shiboyuan,sby,1493
yge,雨格,VTM,yuge,yg,2594
nxi,南雄,NCQ,nanxiong,nx,2415
phu,平湖,PHQ,pinghu,ph,1385
jch,金昌,JCJ,jinchang,jc,1044
hch,华城,VCQ,huacheng,hc,938
xpd,犀浦东,XAW,xipudong,xpd,1860
fxi,凤县,FXY,fengxian,fx,845
wni,万宁,WNQ,wanning,wn,1758
xzf,新帐房,XZX,xinzhangfang,xzf,1913
sxb,绍兴北,SLH,shaoxingbei,sxb,2496
sch,沙城,SCP,shacheng,sc,1500
csh,楚山,CSB,chushan,cs,662
mad,马鞍山东,OMH,maanshandong,masd,2377
yqi,延庆,YNP,yanqing,yq,485
xfe,息烽,XFW,xifeng,xf,1811
lzh,立志,LZX,lizhi,lz,292
cqq,长庆桥,CQJ,changqingqiao,cqq,2159
dgt,大官屯,DTT,daguantun,dgt,714
qxn,旗下营南,QNC,qixiayingnan,qxyn,2454
zya,紫阳,ZVY,ziyang,zy,2106
xch,项城,ERN,xiangcheng,xc,2554
bba,博白,BBZ,bobai,bb,2128
qan,秦安,QGJ,qinan,qa,2437
wlq,乌鲁木齐,WAR,wulumuqi,wlmq,2538
hed,哈尔滨东,VBB,haerbindong,hebd,32
cxn,楚雄南,COM,chuxiongnan,cxn,115
yyu,鸭园,YYL,yayuan,yy,2033
rqi,任丘,RQP,renqiu,rq,1480
nyo,纳雍,NYE,nayong,ny,2416
yms,一面山,YST,yimianshan,yms,1992
ldb,龙洞堡,FVW,longdongbao,ldb,2342
pzh,平庄,PZD,pingzhuang,pz,1415
zdo,肇东,ZDB,zhaodong,zd,2054
gpi,桂平,GAZ,guiping,gp,2239
bji,北京,BJP,beijing,bj,2
kel,库尔勒,KLR,kuerle,kel,244
paz,磐安镇,PAJ,pananzhen,paz,1369
hsn,花山南,KNN,huashannan,hsn,2289
qhd,秦皇岛,QTP,qinhuangdao,qhd,1428
lgd,龙骨甸,LGM,longgudian,lgd,1162
szo,师宗,SEM,shizong,sz,1639
gpi,高平,GPF,gaoping,gp,894
shz,双河镇,SEL,shuanghezhen,shz,1531
fzh,抚州,FZG,fuzhou,fz,2222
nca,南曹,NEF,nancao,nc,2398
ycx,虞城县,IXH,yuchengxian,ycx,1943
dni,大拟,DNZ,dani,dn,740
hdp,哈达铺,HDJ,hadapu,hdp,2255
che,册亨,CHZ,ceheng,ch,642
jhu,建湖,AJH,jianhu,jh,1060
dsp,读书铺,DPM,dushupu,dsp,755
pdu,平度,PAK,pingdu,pd,2424
hsd,贺胜桥东,HLN,heshengqiaodong,hsqd,2287
nji,嫩江,NGX,nenjiang,nj,318
ylh,伊拉哈,YLX,yilaha,ylh,1979
yxi,义县,YXD,yixian,yx,499
qji,秦家,QJB,qinjia,qj,1436
bdo,巴东,BNN,badong,bd,569
zzd,郑州东,ZAF,zhengzhoudong,zzd,2649
xjt,许家台,XTJ,xujiatai,xjt,1837
dju,大苴,DIM,daju,dj,2185
gnn,广宁寺南,GNT,guangningsinan,gnn,892
qji,曲靖,QJM,qujing,qj,338
lgo,芦沟,LOM,lugou,lg,1163
gbd,高碑店,GBP,gaobeidian,gbd,861
nla,南朗,NNQ,nanlang,nl,1341
bji,北,IBQ,beijiao,bj,578
xle,新乐,ELP,xinle,xl,1843
qzw,棋子湾,QZQ,qiziwan,qzw,2457
cge,长葛,CEF,changge,cg,635
tsz,塔石嘴,TIM,tashizui,tsz,1692
xsh,徐水,XSP,xushui,xs,1875
yjh,羊臼河,YHM,yangjiuhe,yjh,1961
bzh,巴中,IEW,bazhong,bz,624
lfu,老府,UFD,laofu,lf,1160
xyz,新阳镇,XZJ,xinyangzhen,xyz,1911
zlt,扎兰屯,ZTX,zhalantun,zlt,517
hbi,淮滨,HVN,huaibin,hb,180
zyx,张掖西,ZEJ,zhangyexi,zyx,2644
hch,河唇,HCZ,hechun,hc,939
adu,安多,ADO,anduo,ad,534
nmu,南木,NMX,nanmu,nm,1348
zgt,章古台,ZGD,zhanggutai,zgt,2056
xxi,新乡,XXF,xinxiang,xx,448
ypi,原平,YPV,yuanping,yp,484
xzm,西哲里木,XRD,xizhelimu,xzlm,1918
yli,彝良,ALW,yiliang,yl,1982
yps,营盘水,YZJ,yingpanshui,yps,1996
yji,弋江,RVH,yijiang,yj,2597
ncs,南城司,NSP,nanchengsi,ncs,1324
qsh,清水,QUJ,qingshui,qs,1451
hhu,惠环,KHQ,huihuan,hh,2269
pkn,皮口南,PKT,pikounan,pk,1388
ssz,松树镇,SSL,songshuzhen,ssz,1597
wln,乌龙泉南,WFN,wulongquannan,wlqn,2537
hfx,合肥西,HTH,hefeixi,hfx,35
hre,怀仁,HRV,huairen,hr,995
nfb,南芬北,NUT,nanfenbei,nfb,2404
mya,麻阳,MVQ,mayang,my,1312
sch,神池,SMV,shenchi,sc,1499
xga,新干,EGG,xingan,xg,1812
zqi,肇庆,ZVQ,zhaoqing,zq,519
xsp,新松浦,XOB,xinsongpu,xsp,1878
ypi,银瓶,KPQ,yinping,yp,2606
the,塔河,TXX,tahe,th,388
nji,南靖,NJS,nanjing,nj,1336
csh,苍石,CST,cangshi,cs,665
wqi,汪清,WQL,wangqing,wq,1765
qbd,青白江东,QFW,qingbaijiangdong,qbjd,2438
yli,榆林,ALY,yulin,yl,478
sqi,石桥,SQE,shiqiao,sq,2484
hht,黄花筒,HUD,huanghuatong,hht,956
sqi,沙桥,SQM,shaqiao,sq,1580
tdo,田东,TDZ,tiandong,td,1653
qch,蕲春,QRN,qichun,qc,334
tzh,泰州,UTH,taizhou,tz,404
jyu,靖宇,JYL,jingyu,jy,2322
jyn,简阳南,JOW,jianyangnan,jyn,2320
hlh,浩良河,HHB,haolianghe,hlh,973
atx,安图西,AXL,antuxi,atx,2126
yta,鹰潭,YTG,yingtan,yt,493
qxd,祁县东,QGV,qixiandong,qxd,2452
xka,兴凯,EKB,xingkai,xk,1839
bqi,白旗,BQP,baiqi,bq,601
bch,薏,FWH,bencha,bc,2130
yta,烟台,YAK,yantai,yt,494
jbc,江边村,JBG,jiangbiancun,jbc,216
swx,沙湾县,SXR,shawanxian,swx,1606
gta,高滩,GAY,gaotan,gt,907
bjd,北京东,BOP,beijingdong,bjd,1
dli,大荔,DNY,dali,dl,2186
bys,白音胡硕,BCD,baiyinhushuo,byhs,623
mzh,孟庄,MZF,mengzhuang,mz,2395
dya,丹阳,DYH,danyang,dy,780
zyb,竹园坝,ZAW,zhuyuanba,zyb,2108
sti,石梯,STE,shiti,st,2493
wxi,闻喜,WXV,wenxi,wx,1776
jli,芨岭,JLJ,jiling,jl,1066
phb,徘徊北,PHP,paihuaibei,phb,1383
yha,友好,YOB,youhao,yh,1957
rch,荣昌,RCW,rongchang,rc,1476
jnx,江宁西,OKH,jiangningxi,jnx,2308
lko,林口,LKB,linkou,lk,1190
jsh,吉舒,JSL,jishu,js,1081
hdd,邯郸东,HPP,handandong,hdd,2253
wls,乌拉山,WSC,wulashan,wls,1754
xji,新绛,XJV,xinjiang,xj,1832
xnb,咸宁北,XRN,xianningbei,xnb,1857
tba,塘豹,TBQ,tangbao,tb,384
whu,芜湖,WHH,wuhu,wh,411
sya,沭阳,FMH,shuyang,sy,1614
xyc,西阳村,XQF,xiyangcun,xyc,2578
hta,黑台,HQB,heitai,ht,1011
cpd,常平东,FQQ,changpingdong,cpd,2158
ldz,六道河子,LVP,liudaohezi,ldhz,1155
rxi,容县,RXZ,rongxian,rx,1484
sle,疏勒,SUR,shule,sl,1555
zan,镇安,ZEY,zhenan,za,2042
gzh,广州,GZQ,guangzhou,gz,29
yxn,攸县南,YXG,youxiannan,yxn,2621
zqi,章丘,ZTK,zhangqiu,zq,2087
sgd,韶关东,SGQ,shaoguandong,sgd,353
slz,沙岭子,SLP,shalingzi,slz,1568
shx,上海西,SXH,shanghaixi,shx,13
ssh,三水,SJQ,sanshui,ss,1590
djy,都江堰,DDW,dujiangyan,djy,136
gqb,甘泉北,GEY,ganquanbei,gqb,895
qhe,清河,QIP,qinghe,qh,1430
ysh,榆树,YRT,yushu,ys,492
ycd,宜昌东,HAN,yichangdong,ycd,461
byx,白银西,BXJ,baiyinxi,byx,101
glf,高楼房,GFM,gaoloufang,glf,884
qsh,青山,QSB,qingshan,qs,1448
edm,二道沟门,RDP,erdaogoumen,edgm,807
wqi,武清,WWP,wuqing,wq,1766
ydu,园墩,YAJ,yuandun,yd,1951
hyb,海阳北,HEK,haiyangbei,hyb,2292
shq,上海虹桥,AOH,shanghaihongqiao,shhq,12
aks,阿克苏,ASR,akesu,aks,76
nch,南城,NDG,nancheng,nc,2400
wsz,魏善庄,WSP,weishanzhuang,wsz,1769
xla,小榄,EAQ,xiaolan,xl,1840
mji,闵集,MJN,minji,mj,2381
fsh,复盛,FAW,fusheng,fs,2215
xhu,新会,EFQ,xinhui,xh,437
sli,石磷,SPB,shilin,sl,1558
hde,化德,HGC,huade,hd,946
lzg,龙爪沟,LZT,longzhuagou,lzg,1262
jxi,鸡西,JXB,jixi,jx,237
tgu,塘沽,TGP,tanggu,tg,387
bdi,宝坻,BPP,baodi,bd,567
ylp,余粮堡,YLD,yuliangpu,ylp,1984
jji,晋江,JJS,jinjiang,jj,1062
dmh,洞庙河,DEP,dongmiaohe,dmh,738
zsh,珠斯花,ZHD,zhusihua,zsh,2092
zto,昭通,ZDW,zhaotong,zt,521
gtb,古田北,GBS,gutianbei,gtb,2242
qsb,清水北,QEJ,qingshuibei,qsb,2447
qhy,清华园,QHP,qinghuayuan,qhy,1432
hle,海拉尔,HRX,hailaer,hle,193
yan,依安,YAX,yian,ya,1921
qli,秦岭,QLY,qinling,ql,1442
cdi,长甸,CDT,changdian,cd,106
ydu,姚渡,AOJ,yaodu,yd,2591
dee,得耳布尔,DRX,deerbuer,debe,709
gya,贵阳,GIW,guiyang,gy,28
bli,宝林,BNB,baolin,bl,590
zbw,张百湾,ZUP,zhangbaiwan,zbw,2045
fch,丰城,FCG,fengcheng,fc,817
yjp,一间堡,YJT,yijianpu,yjp,1969
qda,青岛,QDK,qingdao,qd,336
yst,榆树台,YUT,yushutai,yst,2017
mzh,明珠,MFQ,mingzhu,mz,1319
ych,盐池,YKJ,yanchi,yc,1931
pld,普兰店,PLT,pulandian,pld,1389
xyb,旬阳北,XBY,xunyangbei,xyb,1900
smb,三明北,SHS,sanmingbei,smb,2479
xyu,新余,XUG,xinyu,xy,455
syn,沈阳南,SOT,shenyangnan,syn,2504
ysh,玉舍,AUM,yushe,ys,2007
wji,五家,WUB,wujia,wj,1740
xpu,溆浦,EPQ,xupu,xp,1865
wyi,武义,RYH,wuyi,wy,1782
sto,石头,OTB,shitou,st,1601
jke,金坑,JKT,jinkeng,jk,1065
lsz,李石寨,LET,lishizhai,lsz,1228
dli,大理,DKM,dali,dl,138
glb,桂林北,GBZ,guilinbei,glb,166
wxi,武乡,WVV,wuxiang,wx,1777
ych,宜城,YIN,yicheng,yc,1934
dzh,邓州,DOF,dengzhou,dz,148
ssh,山市,SQB,shanshi,ss,1587
tyu,太原,TYV,taiyuan,ty,64
zka,仲恺,KKQ,zhongkai,zk,2632
ldx,梁底下,LDP,liangdixia,ldx,1154
jna,济南,JNK,jinan,jn,44
lji,庐江,UJH,lujiang,lj,1179
lbi,老边,LLT,laobian,lb,1144
tka,泰康,TKX,taikang,tk,1668
ljp,李家坪,LIJ,lijiaping,ljp,1188
dto,大同,DTV,datong,dt,144
ncx,南昌西,NXG,nanchangxi,ncx,2401
bss,白石山,BAL,baishishan,bss,607
dda,滴道,DDB,didao,dd,706
sxp,上西铺,SXM,shangxipu,sxp,1612
znn,中宁南,ZNJ,zhongningnan,znn,2081
tgo,通沟,TOL,tonggou,tg,1656
dyi,大营,DYV,daying,dy,787
dji,杜家,DJL,dujia,dj,725
ded,刀尔登,DRD,daoerdeng,ded,708
ebi,峨边,EBW,ebian,eb,806
hhg,红花沟,VHD,honghuagou,hhg,955
wzh,五寨,WZV,wuzhai,wz,1788
bha,布海,BUT,buhai,bh,571
mlu,汨罗,MLQ,miluo,ml,1297
hsh,衡水,HSP,hengshui,hs,208
sda,山丹,SDJ,shandan,sd,1503
nqi,南桥,NQD,nanqiao,nq,1351
xnn,咸宁南,UNN,xianningnan,xnn,2569
wjt,吴家屯,WJT,wujiatun,wjt,413
zji,镇江,ZJH,zhenjiang,zj,511
hwa,海湾,RWH,haiwan,hw,1017
jya,揭阳,JRQ,jieyang,jy,1100
lsh,庐山,LSG,lushan,ls,1223
myu,墨玉,MUR,moyu,my,1316
yya,岳阳,YYQ,yueyang,yy,501
lch,陵城,LGK,lingcheng,lc,2340
jme,角美,JES,jiaomei,jm,1069
hmi,哈密,HMR,hami,hm,197
lji,龙江,LJX,longjiang,lj,1184
fhe,汾河,FEV,fenhe,fh,824
szx,深圳西,OSQ,shenzhenxi,szx,383
kch,康城,KCP,kangcheng,kc,1123
stj,三堂集,SDH,santangji,stj,1600
ysh,沂水,YUK,yishui,ys,2009
